,textname,word,tfidf_score
0,2003_Bush,saddam hussein,0.6795287605435163
1,1994_Clinton,health care,0.5887093271828455
2,1815_Madison,sum million,0.5862440545659909
3,1953_Truman,free world,0.5701029996260638
4,1813_Madison,prisoner war,0.5646300460756465
5,1951_Truman,free nation,0.5446579156649903
6,1960_Eisenhower,free world,0.5374548774554992
7,1999_Clinton,21st century,0.5301330540233641
8,1966_Johnson,south vietnam,0.528226587611086
9,2008_Bush,must trust,0.5263785727255773
10,1980_Carter,soviet union,0.5230644998233438
11,1942_Roosevelt,year shall,0.5228076324629123
12,1995_Clinton,new covenant,0.5014167447181821
13,1996_Clinton,challenge congress,0.4996640238430087
14,1944_Roosevelt,national service,0.49696869025518925
15,1938_Roosevelt,purchasing power,0.4938923547301748
16,1947_Truman,labor management,0.47636731304167784
17,1946_Truman,million dollar,0.46739256122873174
18,2009_Obama,health care,0.4664399492116634
19,1870_Grant,san domingo,0.45796602828305133
20,2005_Bush,social security,0.4553623005799194
21,1971_Nixon,great goal,0.4390813375881685
22,2007_Bush,al qaeda,0.4386814625323136
23,1943_Roosevelt,time greater,0.43574974662585253
24,1930_Hoover,construction work,0.4316462886954016
25,1892_Harrison,per cent,0.42372842025460855
26,1961_Eisenhower,eight year,0.4144837489509904
27,1993_Clinton,health care,0.4083579804655027
28,2001_Bush,social security,0.40383269364089214
29,1998_Clinton,21st century,0.4009991968166428
30,2008_Bush,al qaeda,0.3981872590877633
31,1865_Johnson,general government,0.38686294297762036
32,1999_Clinton,social security,0.38645020735441127
33,1939_Roosevelt,billion dollar,0.386265422463799
34,1917_Wilson,austria hungary,0.3849566705493488
35,1943_Roosevelt,united nation,0.3842460146969783
36,1839_Buren,public money,0.38262258865468635
37,1971_Nixon,let u,0.37919622484736487
38,1895_Cleveland,united state note,0.3782636979154882
39,1895_Cleveland,state note,0.3782636979154882
40,1904_Roosevelt,forest reserve,0.37365121821367275
41,1957_Eisenhower,free world,0.3720785436594706
42,1819_Monroe,catholic majesty,0.3717196582207895
43,1942_Roosevelt,united nation,0.36675834351851044
44,1900_McKinley,military governor,0.35680201965299746
45,1877_Hayes,legal tender,0.3538160116057625
46,1838_Buren,circuit court,0.3505715725901898
47,1905_Roosevelt,santo domingo,0.350041392746005
48,1816_Madison,sum million,0.344426206665132
49,1953_Truman,free nation,0.34259879383816816
50,1895_Cleveland,gold reserve,0.34176559876336604
51,1868_Johnson,per cent,0.33917182371798593
52,1916_Wilson,commerce commission,0.33800688221052644
53,1916_Wilson,interstate commerce commission,0.33800688221052644
54,2010_Obama,clean energy,0.33725410643210596
55,1946_Truman,fiscal year,0.3361443235647929
56,2012_Obama,clean energy,0.3348519877252606
57,1805_Jefferson,sum million,0.3335876103876119
58,2007_Bush,health insurance,0.3333107212747299
59,1877_Hayes,commercial value,0.33293722614895355
60,1919_Wilson,capital labor,0.3329165971860386
61,1961_Eisenhower,past eight year,0.3308518986291676
62,1961_Eisenhower,past eight,0.3308518986291676
63,1887_Cleveland,tariff law,0.32788161621035805
64,1823_Monroe,post master,0.32488456157913786
65,1939_Roosevelt,national income,0.32344572574826513
66,1804_Jefferson,upward million,0.32321707943859346
67,1946_Truman,billion dollar,0.3204342121457765
68,1998_Clinton,child care,0.3200507708713182
69,1974_Nixon,five year ago,0.31951255252858196
70,1901_Roosevelt,wage worker,0.3183067353944969
71,1958_Eisenhower,work peace,0.3182279650766313
72,1958_Eisenhower,security peace,0.3182279650766313
73,1944_Roosevelt,standard living,0.31772394538228044
74,1846_Polk,mexican government,0.31735168407092823
75,1835_Jackson,french government,0.3171927024620786
76,2001_Bush,tax relief,0.31665591597457743
77,1975_Ford,million barrel,0.31467380393221867
78,1932_Hoover,finance corporation,0.31406774839921325
79,1916_Wilson,eight hour day,0.31292565540195705
80,1931_Hoover,federal reserve,0.31226644934026004
81,1946_Truman,dollar fiscal year,0.308984907664784
82,1946_Truman,dollar fiscal,0.308984907664784
83,2003_Bush,al qaida,0.30756892998977253
84,1916_Wilson,interstate commerce,0.3066444680921688
85,1800_Adams,gentleman house representative,0.3063206298782751
86,1800_Adams,gentleman house,0.3063206298782751
87,2002_Bush,september 11th,0.30568598686904885
88,1907_Roosevelt,national government,0.30494652083449925
89,1797_Adams,article treaty,0.30293530450742884
90,1943_Roosevelt,first world,0.30198881986450155
91,1930_Hoover,per cent,0.30185052755452824
92,2010_Obama,small business,0.3009352045682272
93,1877_Hayes,silver coinage,0.2996435035340582
94,1826_Adams,discriminating duty,0.29771502131712085
95,1981_Carter,past four year,0.2968101106056427
96,1966_Johnson,people south,0.29557373741039555
97,1937_Roosevelt,form government,0.29472337726371756
98,1799_Adams,gentleman house,0.2947007841757781
99,1799_Adams,gentleman house representative,0.2947007841757781
100,1986_Reagan,meet commitment,0.29303604377175346
101,1975_Ford,growth federal,0.2927267136250649
102,2007_Bush,hope opportunity,0.29268648025422883
103,1860_Buchanan,specific duty,0.28834363798800555
104,1971_Nixon,state locality,0.28640990526297855
105,1805_Jefferson,sea men,0.28542900820253325
106,1911_Taft,anti trust,0.28427574516878684
107,1973_Nixon,working together,0.2841686086569131
108,1898_McKinley,puerto rico,0.28408452640484494
109,1988_Reagan,let u,0.28337480482148114
110,2002_Bush,good job,0.28000721901317194
111,1812_Madison,order council,0.2798054581745044
112,1837_Buren,public land,0.2794361128597949
113,1918_Wilson,industry country,0.27894269779595804
114,1918_Wilson,million acre,0.27894269779595804
115,1981_Carter,past four,0.2779600051645707
116,1836_Jackson,deposit bank,0.27684513107891656
117,1984_Reagan,great goal,0.27503798478072844
118,1835_Jackson,bank united state,0.27398376300964544
119,1835_Jackson,bank united,0.27398376300964544
120,2000_Clinton,tonight propose,0.2728332840860879
121,1791_Washington,debt united state,0.2722151809544957
122,1947_Truman,atomic energy,0.27220989316667304
123,1991_Bush,persian gulf,0.27183529601168843
124,1897_McKinley,gold reserve,0.26954225086306954
125,1981_Carter,four year,0.26879849673431333
126,1990_Bush,new world,0.26823110845651543
127,1950_Truman,better life,0.2679731118417397
128,2018_Trump,north korea,0.26761833651842337
129,1896_Cleveland,fiscal year,0.26712061869453363
130,1791_Washington,debt united,0.2670007843239854
131,1973_Nixon,higher tax,0.2669477755106201
132,1916_Wilson,hour day,0.26619896724736924
133,1916_Wilson,eight hour,0.26619896724736924
134,1907_Roosevelt,interstate commerce,0.2661726297925246
135,1886_Cleveland,fiscal year,0.266093681887471
136,1993_Clinton,let say,0.26582573871582016
137,1939_Roosevelt,act aggression,0.26571283264685536
138,1936_Roosevelt,good neighbor,0.2656139014550847
139,1940_Roosevelt,trade agreement,0.265163003088219
140,1838_Buren,public money,0.26499261365024074
141,1921_Harding,merchant marine,0.2646342380769866
142,1958_Eisenhower,ballistic missile,0.2641850849984152
143,1819_Monroe,minister united state,0.2638076685738187
144,1819_Monroe,minister united,0.2638076685738187
145,2013_Obama,middle class,0.26291758326286063
146,1827_Adams,january 1st,0.261573289921299
147,1921_Harding,executive branch government,0.2607776269841499
148,1936_Roosevelt,world affair,0.2602298928440162
149,1794_Washington,constitution united state,0.26013278042477456
150,1794_Washington,constitution united,0.26013278042477456
151,1859_Buchanan,fiscal year,0.25987282378741106
152,1856_Pierce,new granada,0.2586816763028607
153,1952_Truman,free nation,0.2585579289940083
154,1935_Roosevelt,recovery act,0.2584090846456993
155,2015_Obama,middle class,0.25766086499502905
156,1808_Jefferson,minister london,0.25754188560526386
157,1958_Eisenhower,economic aid,0.25729944712479796
158,1921_Harding,executive branch,0.25693764440719646
159,1939_Roosevelt,good faith,0.25676979165841246
160,1856_Pierce,northern state,0.2557882951807513
161,1840_Buren,federal government,0.2554641012291504
162,1908_Roosevelt,great corporation,0.2554426268200542
163,2004_Bush,health care,0.2548255866775895
164,1926_Coolidge,wage earner,0.25478578565797766
165,1940_Roosevelt,look ahead,0.25397390484044896
166,1978_Carter,human right,0.2538814844295704
167,1971_Nixon,open door,0.25307975453890746
168,1903_Roosevelt,isthmus panama,0.25280722773882913
169,1954_Eisenhower,federal government,0.252536204041768
170,1812_Madison,sea men,0.2523429574624194
171,1895_Cleveland,note treasury,0.2520689062807133
172,1947_Truman,collective bargaining,0.2516921248939953
173,1976_Ford,growth federal,0.2515678004985844
174,1935_Roosevelt,national resource,0.2515602545293045
175,1846_Polk,rio grande,0.2513849243922063
176,1990_Bush,one u,0.2512122116430283
177,1990_Bush,every one,0.2511798677487645
178,1977_Ford,long term,0.2506736367287449
179,2018_Trump,tax cut,0.2506060492410761
180,1855_Pierce,central america,0.2501129794439348
181,1980_Carter,middle east,0.24997020935633174
182,2000_Clinton,21st century,0.2499356164130598
183,1915_Wilson,twenty five,0.2488375446221669
184,1943_Roosevelt,world war,0.24881120454051367
185,1968_Johnson,shall recommend,0.24871816884159328
186,1915_Wilson,one hundred,0.2473465875452091
187,1922_Harding,per cent,0.245962589685469
188,1802_Jefferson,upward million,0.24499826703797536
189,1888_Cleveland,per cent,0.24435704355421323
190,1997_Clinton,21st century,0.24427676841006649
191,1979_Carter,soviet union,0.24397449686038744
192,1958_Eisenhower,long range,0.24378572703210855
193,1900_McKinley,philippine island,0.2430310578199254
194,1859_Buchanan,30th june,0.24295343005644643
195,1962_Kennedy,balance payment,0.24237765563835803
196,1945_Roosevelt,armed force,0.24235994947358871
197,1951_Truman,free world,0.2407735281142653
198,1951_Truman,north atlantic,0.24054438148583307
199,1997_Clinton,four year,0.23997308010363663
200,1980_Carter,persian gulf,0.23986317384159195
201,1917_Wilson,people world,0.23944532720635653
202,1883_Arthur,actual estimated,0.23899288117113404
203,1796_Washington,catholic majesty,0.23880442437734692
204,1806_Jefferson,private individual,0.23832524454748982
205,1814_Madison,major general,0.23795962727710082
206,1991_Bush,hard work,0.2375845854482115
207,1992_Bush,capital gain,0.23744808541216764
208,1922_Harding,working condition,0.23701448100281822
209,1977_Ford,third century,0.2368155020264568
210,1972_Nixon,let u,0.23679255045950395
211,1880_Hayes,civil service,0.2365762476462922
212,1795_Washington,course session,0.2357880066150296
213,1944_Roosevelt,win war,0.23577051287983886
214,1997_Clinton,balance budget,0.23552123777909795
215,1843_Tyler,treasury note,0.23542019013101323
216,1967_Johnson,let u,0.23512323299972193
217,1914_Wilson,great people,0.23479069548815332
218,1979_Carter,nuclear arm,0.23476179295207025
219,1941_Roosevelt,national policy,0.23437948929821792
220,1985_Reagan,tax rate,0.23408855777268797
221,1912_Taft,panama canal,0.2337143383309818
222,1806_Jefferson,sea port,0.23349437853539723
223,1797_Adams,gentleman house representative,0.23340990865433228
224,1797_Adams,gentleman house,0.23340990865433228
225,1814_Madison,thousand american,0.2331361723474905
226,1893_Cleveland,preceding year,0.23297740172651712
227,1892_Harrison,increase per,0.23291119043757186
228,1989_Bush,economic growth,0.2328510216948337
229,2000_Clinton,tax credit,0.23280502506308495
230,2010_Obama,recovery act,0.23274352905318396
231,1971_Nixon,full employment,0.2323511356005214
232,2005_Bush,social security benefit,0.23207169564076116
233,1946_Truman,million dollar fiscal,0.23173868074858794
234,1888_Cleveland,purchase bond,0.2317148204215453
235,1936_Roosevelt,national income,0.23125362508452638
236,1857_Buchanan,republic honduras,0.23110219971408355
237,1895_Cleveland,note treasury note,0.23106316409065386
238,1895_Cleveland,state note treasury,0.23106316409065386
239,1992_Bush,real estate,0.2310251283804559
240,1979_Carter,year must,0.2309054556131476
241,1807_Jefferson,armed vessel,0.23090168807229555
242,1958_Eisenhower,military strength,0.23085741811693417
243,2011_Obama,democrat republican,0.2304742555556924
244,1978_Carter,foreign policy,0.22999947711935884
245,1845_Polk,public money,0.2294998415952683
246,2002_Bush,homeland security,0.22939306558378433
247,2002_Bush,war terror,0.22939306558378433
248,1819_Monroe,government spain,0.22884048521381894
249,1798_Adams,gentleman house,0.22831005849111824
250,1798_Adams,gentleman house representative,0.22831005849111824
251,1976_Ford,state local,0.22798125834299618
252,1832_Jackson,general government,0.2279240380477852
253,1940_Roosevelt,must look,0.22789581620949564
254,1909_Taft,postal saving bank,0.22740498491454464
255,1867_Johnson,southern state,0.2273985296787515
256,2018_Trump,asking congress,0.2269175498491992
257,1982_Reagan,interest rate,0.22582682798499518
258,2005_Bush,security benefit,0.22579416964264798
259,1979_Carter,human right,0.22551693128606642
260,1814_Madison,private property,0.22451277004449463
261,1808_Jefferson,right interest,0.2242258192476151
262,1809_Madison,order council,0.22416317393435733
263,1941_Roosevelt,new order,0.22380689322028235
264,1951_Truman,defense effort,0.22379352341167377
265,1798_Adams,disposition part,0.2236822008595116
266,1924_Coolidge,cost government,0.22313131885100124
267,1815_Madison,peace establishment,0.22293801468089078
268,2009_Obama,every american,0.22291371199691573
269,1990_Bush,eastern europe,0.22282696496126558
270,1802_Jefferson,million principal,0.2221843372278356
271,1802_Jefferson,country men,0.2221843372278356
272,2015_Obama,make sure,0.22209950748105117
273,1914_Wilson,water power,0.22076070589175018
274,1887_Cleveland,purchase bond,0.22059906469367183
275,1967_Johnson,soviet union,0.2200640301799101
276,1848_Polk,new mexico,0.21937551268802294
277,1892_Harrison,value import,0.21933903911720065
278,1921_Harding,branch government,0.2192149986705138
279,1944_Roosevelt,soldier sailor,0.21888720357987368
280,1952_Truman,world war,0.21848466326677957
281,2004_Bush,law enforcement,0.2181886221067948
282,1969_Johnson,meet commitment,0.21796814456267696
283,1963_Kennedy,free world,0.21795929052905302
284,1963_Kennedy,cannot afford,0.21795929052905302
285,1968_Johnson,tax bill,0.2178869586901687
286,1838_Buren,court district,0.21784375243362442
287,1802_Jefferson,direct tax,0.2176806483082197
288,1894_Cleveland,per cent,0.21758070647627087
289,1882_Arthur,five twenty,0.2175022426258181
290,1934_Roosevelt,recovery act,0.21713488911169224
291,1953_Truman,world war,0.21712517886776433
292,1859_Buchanan,ending 30th june,0.21704220333651952
293,1799_Adams,commissioner appointed,0.21697689837746267
294,1893_Cleveland,fiscal year,0.2163398171164232
295,2016_Obama,new economy,0.21632670358087597
296,2016_Obama,climate change,0.21632670358087597
297,1803_Jefferson,new orleans,0.21598298287688256
298,1948_Truman,economic system,0.21585662247026138
299,1892_Harrison,increase per cent,0.2156584499464323
300,1978_Carter,rate inflation,0.2154926001852545
301,1992_Bush,plan would,0.21533721899813868
302,1930_Hoover,fiscal year,0.21501133303260628
303,1990_Bush,every one u,0.21458488676521237
304,1959_Eisenhower,price stability,0.21441793096398187
305,1904_Roosevelt,wage worker,0.2142964078964206
306,1995_Clinton,middle class,0.21426769166736565
307,2001_Bush,health care,0.21408576350947672
308,1984_Reagan,help u,0.21384406771682396
309,1986_Reagan,family community,0.2138320767515056
310,1817_Monroe,lake erie,0.21378016628607815
311,1837_Buren,new state,0.2135353375143347
312,1802_Jefferson,one american,0.21351088365701382
313,1909_Taft,postal saving,0.213311735160305
314,1862_Lincoln,square mile,0.21322899316296648
315,1982_Reagan,state local,0.2129148537046353
316,1989_Bush,child care,0.2129021261745427
317,1934_Roosevelt,one nation,0.21277645800687042
318,2002_Bush,weapon mass destruction,0.21261622305664302
319,2002_Bush,weapon mass,0.21261622305664302
320,1932_Hoover,social economic,0.21244772797314435
321,1792_Washington,service ensuing year,0.2123806842748022
322,1985_Reagan,let u,0.21212051402337684
323,1903_Roosevelt,across isthmus,0.21132924154126134
324,2013_Obama,country like,0.21117388831110953
325,1983_Reagan,arm reduction,0.21101148511905568
326,2014_Obama,business leader,0.21076410942883178
327,1855_Pierce,municipal law,0.20998645215880893
328,1896_Cleveland,per cent,0.20979346162441925
329,1863_Lincoln,naval service,0.2096816279045334
330,1955_Eisenhower,free nation,0.2093873700106497
331,1992_Bush,health insurance,0.20902334792933558
332,1846_Polk,people texas,0.20895016637511424
333,1800_Adams,gentleman senate,0.20871356351901327
334,1821_Monroe,revenue law,0.20864412218032616
335,1857_Buchanan,circulation deposit,0.2085871756108757
336,1929_Hoover,per cent,0.20856061509669238
337,1982_Reagan,federal grant,0.20841336132449353
338,1894_Cleveland,fiscal year,0.20836878336950942
339,1833_Jackson,discriminating duty,0.20826646872628118
340,1834_Jackson,french government,0.20818098477784375
341,2002_Bush,mass destruction,0.20803227246294947
342,1837_Buren,public money,0.20754278563983194
343,1866_Johnson,senator representative,0.20748263851673462
344,1859_Buchanan,african slave,0.20745192590573414
345,2006_Bush,math science,0.20727349737278356
346,1992_Bush,right thing,0.20693105772523576
347,1903_Roosevelt,new granada,0.2068422772408602
348,1951_Truman,soviet union,0.2067887316483379
349,1949_Truman,social security,0.20672212198658704
350,1839_Buren,banking institution,0.20669413782318602
351,1945_Roosevelt,united nation,0.20659183505670717
352,1846_Polk,war mexico,0.20642616840092223
353,1896_Cleveland,second class,0.20625321334543076
354,1964_Johnson,side side,0.2059992794865364
355,1911_Taft,tobacco company,0.20595556298021617
356,1824_Monroe,late war,0.20513942548521125
357,2015_Obama,still need,0.20510354592155158
358,1901_Roosevelt,forest reserve,0.2049251325602602
359,1970_Nixon,quality life,0.2048802769103678
360,1951_Truman,united nation,0.20486770985709132
361,1905_Roosevelt,monroe doctrine,0.2044734014524018
362,2011_Obama,clean energy,0.20426797474158048
363,1791_Washington,weight measure,0.2042510381258115
364,1919_Wilson,american business,0.20408307117378333
365,1916_Wilson,body men,0.20404845722120402
366,1962_Kennedy,united nation,0.20403840028666045
367,1894_Cleveland,circulating note,0.2039936998376413
368,1818_Monroe,buenos ayres,0.2038280705336099
369,1935_Roosevelt,people work,0.20380821538183821
370,1792_Washington,service ensuing,0.20358965750913652
371,1792_Washington,law purpose,0.20358965750913652
372,1792_Washington,annual interest,0.20358965750913652
373,1796_Washington,west indie,0.203586889264391
374,1819_Monroe,minister spain,0.20352570690829921
375,1879_Hayes,civil service,0.2034449672378483
376,1797_Adams,british subject,0.2032155968165318
377,2004_Bush,prescription drug,0.20314933720806144
378,1911_Taft,per cent,0.20281808833922801
379,1982_Reagan,government spending,0.20277588912194444
380,1878_Hayes,fiscal year,0.20255196586596153
381,1952_Truman,united nation,0.20244713968016229
382,1881_Arthur,five twenty,0.20224478389857203
383,1945_Roosevelt,national service,0.20214062861347637
384,1810_Madison,bearing date,0.2020857132891838
385,1983_Reagan,year ahead,0.2020626483104906
386,1851_Fillmore,fiscal year,0.20201856947095753
387,1957_Eisenhower,civil right,0.20163004552829972
388,1901_Roosevelt,president mckinley,0.2014815672407397
389,1918_Wilson,acre land,0.2014687289897798
390,1924_Coolidge,reduction tax,0.2014209167225723
391,1892_Harrison,fiscal year,0.20121749931630367
392,2016_Obama,seven year,0.20113561316591025
393,1859_Buchanan,year ending,0.2010030945497607
394,1910_Taft,prize court,0.20095274936723898
395,1799_Adams,gentleman senate,0.20079630569320844
396,1805_Jefferson,nearly million,0.2004891961364132
397,1935_Roosevelt,private capital,0.20043335982996105
398,1942_Roosevelt,u mean,0.20037284879545636
399,1928_Coolidge,per cent,0.20037076766400805
400,1908_Roosevelt,saving bank,0.2003474835619171
401,1890_Harrison,tariff act,0.20028539937951392
402,1958_Eisenhower,defense effort,0.20027160952187062
403,1974_Nixon,energy need,0.20005276581355377
404,1927_Coolidge,federal government,0.19985956671986677
405,1981_Carter,human right,0.19978307236851767
406,1855_Pierce,right state,0.19971846051544825
407,2005_Bush,make sure,0.19941374199865938
408,1940_Roosevelt,national unity,0.19927513923982113
409,1912_Taft,foreign service,0.19898726384173243
410,2013_Obama,make sure,0.19830187457038403
411,1895_Cleveland,treasury note,0.19806181349184027
412,2010_Obama,cut tax,0.1979897972503477
413,1950_Truman,united nation,0.1979197537264699
414,1857_Buchanan,domestic institution,0.1978977210541577
415,1807_Jefferson,funded debt,0.19772525736355037
416,1969_Johnson,throughout land,0.19767122568639556
417,2018_Trump,u tonight,0.19756310084093864
418,1847_Polk,new mexico,0.19731318387462235
419,1893_Cleveland,increase preceding,0.1972814655077745
420,1893_Cleveland,increase preceding year,0.1972814655077745
421,1987_Reagan,soviet union,0.19692640744226433
422,1915_Wilson,cent per,0.19691136489051336
423,1938_Roosevelt,business men,0.19677374106860362
424,1906_Roosevelt,national government,0.19660567751468944
425,1897_McKinley,interest bearing,0.19632969938016034
426,1913_Wilson,porto rico,0.19614172232287477
427,1909_Taft,tariff board,0.19602116592813534
428,1926_Coolidge,tax reduction,0.19592035721729986
429,1843_Tyler,relation amity,0.19581767972949843
430,1793_Washington,within united state,0.19544348563410766
431,1986_Reagan,going forward,0.1952716138274474
432,1897_McKinley,interest bearing debt,0.19520936324968785
433,1897_McKinley,bearing debt,0.19520936324968785
434,1954_Eisenhower,grant aid,0.19520798222917513
435,1809_Madison,british government,0.1945833622389827
436,1868_Johnson,three hundred,0.19453866600827907
437,1908_Roosevelt,destruction forest,0.19431176133222844
438,1890_Harrison,per cent,0.19422671973088812
439,1962_Kennedy,strong america,0.19390212451068642
440,1791_Washington,post road,0.19378379734835643
441,1803_Jefferson,service ensuing year,0.19372154630767463
442,1818_Monroe,government spain,0.1936415386688801
443,1984_Reagan,economic recovery,0.1931809219679898
444,1881_Arthur,state department,0.19317086418517057
445,1891_Harrison,fiscal year,0.19297399580511768
446,1940_Roosevelt,rest world,0.19293238405759536
447,1850_Fillmore,respectfully recommend,0.19289988020588492
448,1915_Wilson,hundred thirty,0.1925901446878555
449,1917_Wilson,peace world,0.19242547615802902
450,1908_Roosevelt,interstate commerce,0.19193986932326118
451,1885_Cleveland,silver coinage,0.1918411901907214
452,1817_Monroe,public land,0.19176563423801865
453,1810_Madison,order council,0.19172943878457785
454,1891_Harrison,per cent,0.19155443985374893
455,1893_Cleveland,year ending,0.19155081173557237
456,1945_Roosevelt,war production,0.19125149383505427
457,1906_Roosevelt,inheritance tax,0.1911007302176306
458,1856_Pierce,railroad company,0.19090251618716225
459,1877_Hayes,fiscal year,0.19045600120966863
460,2000_Clinton,child care,0.1904145528629281
461,1832_Jackson,public debt,0.19019658095843692
462,2015_Obama,community college,0.19016118780352906
463,1793_Washington,throughout united state,0.19002527463864624
464,1793_Washington,within united,0.19002527463864624
465,1793_Washington,throughout united,0.19002527463864624
466,1932_Hoover,per cent,0.189736342525755
467,1953_Truman,soviet union,0.18953569456700312
468,1909_Taft,saving bank,0.1895272050812061
469,1805_Jefferson,armed vessel,0.18951143635926576
470,1849_Taylor,german empire,0.18948951862105318
471,1859_Buchanan,year ending 30th,0.1894134252207041
472,1800_Adams,treaty amity commerce,0.18933621898036376
473,1809_Madison,due government,0.18933498802778198
474,2007_Bush,war terror,0.18931854598556483
475,1791_Washington,gentleman senate,0.1893129775792938
476,1993_Clinton,spending cut,0.1888186384022068
477,1840_Buren,public money,0.18879695469338376
478,2004_Bush,saddam hussein,0.18852407978570934
479,1903_Roosevelt,public land,0.18848730531994512
480,1807_Jefferson,last communication,0.188359580741153
481,1807_Jefferson,shall found,0.188359580741153
482,2009_Obama,cost health care,0.18833187075535815
483,1977_Ford,new administration,0.18814777463565144
484,1885_Cleveland,fiscal year,0.1881297034724247
485,1887_Cleveland,per cent,0.1878973536368454
486,1988_Reagan,federal government,0.18789167810916146
487,1804_Jefferson,authority law,0.18778463232497486
488,1953_Truman,united nation,0.18777494969188363
489,1856_Pierce,domestic institution,0.18774595612265968
490,1866_Johnson,representative state,0.1872959703854592
491,2013_Obama,deficit reduction,0.18716217297073143
492,1840_Buren,national bank,0.1870985366688467
493,1932_Hoover,public work,0.1870294386398097
494,1818_Monroe,minister plenipotentiary,0.18698284445346955
495,1878_Hayes,secretary interior,0.18696788367898853
496,1998_Clinton,go college,0.18695486216452317
497,1899_McKinley,enlisted men,0.18658483239340964
498,1929_Hoover,public health,0.1865461759722254
499,1902_Roosevelt,philippine island,0.18650905450211014
500,1871_Grant,two power,0.18639738741552658
501,1893_Cleveland,year ending june,0.1863819213812137
502,1962_Kennedy,developing nation,0.1863327292274241
503,2000_Clinton,health care,0.18627683506143672
504,1800_Adams,amity commerce,0.18620100488411073
505,1925_Coolidge,national government,0.18614921014255298
506,1859_Buchanan,ending 30th,0.18575661201363106
507,1803_Jefferson,service ensuing,0.18570287311951708
508,1937_Roosevelt,mass people,0.18562739806413617
509,1821_Monroe,ceded united state,0.18527219576666307
510,1821_Monroe,ceded united,0.18527219576666307
511,1791_Washington,land united state,0.18523143891073554
512,1791_Washington,land united,0.18523143891073554
513,2006_Bush,member congress,0.18508212805152058
514,1893_Cleveland,fine ounce,0.185048316387471
515,1888_Cleveland,year ended june,0.18493889000663638
516,1888_Cleveland,ended june,0.18493889000663638
517,1840_Buren,public service,0.1848208522883631
518,1883_Arthur,five twenty,0.18474150229616154
519,1934_Roosevelt,last spring,0.18471187081371862
520,1811_Madison,order council,0.18451534882920503
521,1811_Madison,national right,0.18451534882920503
522,1949_Truman,price support,0.18450796141514114
523,2016_Obama,past seven year,0.1843907839060487
524,1804_Jefferson,preserving peace,0.18437041733670476
525,1808_Jefferson,funded debt,0.18420301411314954
526,1926_Coolidge,federal reserve system,0.1841838418502024
527,1996_Clinton,working family,0.18393193980281394
528,1893_Cleveland,ending june,0.18344857776889711
529,1991_Bush,american know,0.1833432733327115
530,1810_Madison,minister london,0.18326774639353693
531,2009_Obama,also know,0.18323750450067214
532,1801_Jefferson,think proper,0.18308715830202651
533,1904_Roosevelt,interstate commerce,0.1828562844829209
534,1889_Harrison,silver dollar,0.18279927240573632
535,1979_Carter,american worker,0.18252903063331033
536,1954_Eisenhower,free world,0.18244472894660685
537,1988_Reagan,arm reduction,0.18243759597814896
538,1912_Taft,water power,0.18240499185492143
539,1965_Johnson,new program,0.18215202602848807
540,1939_Roosevelt,military economic,0.18198686944163733
541,1922_Harding,interstate commerce commission,0.1819504888776439
542,1922_Harding,commerce commission,0.1819504888776439
543,1989_Bush,almost billion,0.18186942419173688
544,1938_Roosevelt,billion dollar year,0.1818573162777533
545,1791_Washington,well disposed,0.18147678730299713
546,1815_Madison,treasury note,0.18146123827401867
547,1874_Grant,carrying mail,0.18144757733345868
548,1919_Wilson,balance trade,0.1812181260993629
549,1994_Clinton,create job,0.1812079333303026
550,1818_Monroe,laid congress,0.1809802199711026
551,1934_Roosevelt,part nation,0.18096775088031297
552,1934_Roosevelt,overwhelming majority,0.18096775088031297
553,1802_Jefferson,another year,0.1808867732494847
554,2014_Obama,middle class,0.18077615801391747
555,2012_Obama,high tech,0.18063702495706924
556,2005_Bush,younger worker,0.18063533571411836
557,1818_Monroe,commanding general,0.18059151401556509
558,1848_Polk,new mexico california,0.18037777709248937
559,1848_Polk,favored class,0.18037777709248937
560,1848_Polk,mexico california,0.18037777709248937
561,1887_Cleveland,increase price,0.18033309655278543
562,1926_Coolidge,reserve system,0.18021288601691648
563,1929_Hoover,per annum,0.18013146789155238
564,1801_Jefferson,law subject,0.18005542225784707
565,1995_Clinton,cold war,0.17967383196342948
566,1808_Jefferson,order council,0.17962193625562964
567,1917_Wilson,point view,0.1795839954047674
568,1810_Madison,standing army,0.17955289894275028
569,2005_Bush,men woman,0.17933402288479727
570,2009_Obama,cost health,0.17868043859935306
571,1954_Eisenhower,fiscal year,0.1785691240938209
572,1970_Nixon,people world,0.17855554220046893
573,1902_Roosevelt,wage worker,0.17851755334609049
574,1848_Polk,protective tariff,0.17836452369283842
575,2018_Trump,immigration system,0.17804595464469328
576,1791_Washington,important object,0.17800052288265694
577,1800_Adams,treaty amity,0.17779630686863793
578,1899_McKinley,puerto rico,0.17775420279460707
579,2017_Trump,american company,0.17767227311037528
580,2017_Trump,loved one,0.17767227311037528
581,1977_Ford,energy independence,0.17761162651984258
582,1934_Roosevelt,people money,0.17750123726739633
583,1953_Truman,war ii,0.17725093731581412
584,1953_Truman,world war ii,0.17725093731581412
585,1922_Harding,might well,0.1772142399062903
586,1801_Jefferson,able announce,0.17719702548316035
587,1911_Taft,restraint trade,0.1771653592116779
588,1821_Monroe,domestic manufacture,0.17709548415091758
589,1968_Johnson,passed congress,0.1768189735326982
590,1809_Madison,toward united state,0.17665861160820998
591,1809_Madison,toward united,0.17665861160820998
592,1997_Clinton,must build,0.1765942155167011
593,1841_Tyler,gold silver,0.17646033813550457
594,1833_Jackson,charge affaire,0.17643228104684738
595,1872_Grant,britannic majesty,0.17633902138081892
596,1943_Roosevelt,fighting men,0.17629202381031392
597,1888_Cleveland,approval senate,0.1762292049740665
598,1876_Grant,santo domingo,0.17618976924544671
599,1915_Wilson,fiscal year,0.17617442203586633
600,2005_Bush,child grandchild,0.17614298502860073
601,1859_Buchanan,fiscal year ending,0.17592748123657884
602,1927_Coolidge,flood control,0.1759017360316605
603,1949_Truman,increased percent,0.1757683500781095
604,1803_Jefferson,year million,0.17573608774871616
605,2014_Obama,create job,0.17540083017261068
606,2006_Bush,middle east,0.17535099418293437
607,1830_Jackson,general government,0.17520820043362137
608,1806_Jefferson,upward million,0.17519768385132176
609,1953_Truman,eight year,0.17519662406511025
610,2011_Obama,two year,0.17518160652676096
611,1855_Pierce,northern state,0.17515660811900047
612,1886_Cleveland,last fiscal year,0.17511852159544852
613,1886_Cleveland,last fiscal,0.17511852159544852
614,1855_Pierce,general government,0.1748827254449443
615,1888_Cleveland,year ended,0.17469554583038593
616,1992_Bush,long term,0.174674584256808
617,2013_Obama,minimum wage,0.1746239687846291
618,1799_Adams,good faith,0.17458814978172274
619,1857_Buchanan,central america,0.17451916750714422
620,1922_Harding,world war,0.17435561065968022
621,1929_Hoover,law enforcement,0.17434879000807632
622,1990_Bush,new initiative,0.17433649579385138
623,2007_Bush,middle east,0.17429675087118016
624,1974_Nixon,health care,0.1742860048298379
625,1888_Cleveland,american citizenship,0.17417602650111175
626,1911_Taft,tariff board,0.17415532865143163
627,2016_Obama,past seven,0.17406502472985647
628,1872_Grant,line territory,0.17406429240786486
629,1887_Cleveland,per cent bond,0.17398731066968393
630,1887_Cleveland,cent bond,0.17398731066968393
631,1974_Nixon,five year,0.17396061497872703
632,1973_Nixon,union message,0.1738593178982756
633,1973_Nixon,state union message,0.1738593178982756
634,1973_Nixon,better job,0.1738593178982756
635,1941_Roosevelt,without regard,0.17379574725898578
636,1822_Monroe,west indie,0.1737564798150751
637,1927_Coolidge,per cent,0.1736821345261667
638,1986_Reagan,year old,0.173528367860377
639,1976_Ford,help state,0.1734936591392013
640,1825_Adams,act congress,0.17344876747225085
641,1937_Roosevelt,branch government,0.17338020174694166
642,1811_Madison,foreign government,0.17309126118426343
643,1922_Harding,good fortune,0.17295243970905055
644,1810_Madison,provision may,0.172911471888931
645,1922_Harding,public welfare,0.17285731320314981
646,1910_Taft,international prize court,0.1728152932021639
647,1910_Taft,international prize,0.1728152932021639
648,1867_Johnson,circulating medium,0.17264409738552863
649,1927_Coolidge,finance corporation,0.1724960738728208
650,1821_Monroe,article treaty,0.1723849516311644
651,1979_Carter,building new,0.172275292213772
652,1797_Adams,commissioner appointed,0.17185077458150333
653,1897_McKinley,state note,0.17176427082756232
654,1897_McKinley,united state note,0.17176427082756232
655,1791_Washington,may practicable,0.1717368185106599
656,1808_Jefferson,given minister,0.17169459040350923
657,1808_Jefferson,million principal,0.17169459040350923
658,2011_Obama,last two year,0.17153980522291729
659,2011_Obama,high speed,0.17153972298298278
660,1822_Monroe,act last session,0.17151436396988004
661,2017_Trump,health insurance,0.1714683471653618
662,1999_Clinton,school district,0.17143546763145115
663,1915_Wilson,year two,0.1711160983311283
664,1923_Coolidge,civil service,0.17106020772715175
665,1949_Truman,government must,0.1710276068811692
666,1972_Nixon,full employment,0.1710033971729229
667,1936_Roosevelt,congress united,0.17097898195069158
668,1936_Roosevelt,congress united state,0.17097898195069158
669,1824_Monroe,corp engineer,0.17096200262085154
670,1909_Taft,federal court,0.17093268208776916
671,2005_Bush,middle east,0.17092606457027948
672,1914_Wilson,young men,0.17087716288713728
673,1846_Polk,mexican minister,0.17081331765029198
674,1956_Eisenhower,past three year,0.17075240047788937
675,1873_Grant,would suggest,0.17069077870440788
676,1860_Buchanan,ad valorem,0.17051539126843068
677,1806_Jefferson,funded debt,0.17045859659576795
678,1904_Roosevelt,great corporation,0.17034763471753714
679,1872_Grant,majesty emperor,0.17031151143446138
680,1967_Johnson,south vietnam,0.170248820577684
681,1827_Adams,act parliament,0.17024476874428832
682,1974_Nixon,make year,0.1701804845184157
683,1804_Jefferson,peace friendship,0.17013404157131531
684,1973_Nixon,make year,0.17011095612210653
685,1803_Jefferson,government whose,0.1700824476599869
686,2010_Obama,tax cut,0.17006768727891414
687,1833_Jackson,two nation,0.170066210841263
688,1885_Cleveland,silver dollar,0.17005759621769576
689,2010_Obama,took office,0.169931200819458
690,1909_Taft,department state,0.16986124140008796
691,1993_Clinton,new direction,0.16980197317421544
692,1993_Clinton,deficit reduction,0.16980197317421544
693,1993_Clinton,health care cost,0.16980197317421544
694,1973_Nixon,natural resource,0.169756584814695
695,2016_Obama,work u,0.1697360758557149
696,1982_Reagan,trust fund,0.16959898231490408
697,2004_Bush,weapon mass,0.1695370807106325
698,1801_Jefferson,consider whether,0.16948820754311383
699,1811_Madison,state toward,0.1694869696068163
700,1811_Madison,united state toward,0.1694869696068163
701,2017_Trump,across nation,0.16925644866333225
702,1991_Bush,america world,0.16925326808988284
703,1908_Roosevelt,national government,0.1691539446098479
704,1978_Carter,major step,0.1690816146408618
705,1820_Monroe,government spain,0.16904579831755095
706,1999_Clinton,ask congress,0.16882184906441935
707,2000_Clinton,science technology,0.16863775202271802
708,1936_Roosevelt,peace good,0.16863199664328232
709,1970_Nixon,clean air,0.1685250181970816
710,1814_Madison,american vessel,0.16849798828370494
711,1994_Clinton,welfare reform,0.16831795171250516
712,1945_Roosevelt,peace well,0.1682817506107134
713,1808_Jefferson,million million,0.1682143314707414
714,1808_Jefferson,thought necessary,0.1682143314707414
715,1972_Nixon,quality life,0.1681717558514106
716,1895_Cleveland,purchase silver,0.16804593752047553
717,1851_Fillmore,last annual,0.1679546607534047
718,2015_Obama,making sure,0.16769837007719723
719,1803_Jefferson,nearly million,0.1674871960776487
720,2012_Obama,natural gas,0.1674259938626303
721,1822_Monroe,british colony,0.16738963928306702
722,1983_Reagan,social security,0.1673830614404237
723,2002_Bush,must act,0.16729892965390333
724,1997_Clinton,cold war,0.1672035590261275
725,1872_Grant,boundary line,0.16719178906555252
726,1998_Clinton,tax cut,0.16711259442904736
727,1864_Lincoln,naval service,0.16708354749913645
728,1904_Roosevelt,department agriculture,0.16703614761237942
729,1955_Eisenhower,age survivor insurance,0.16702829194943583
730,1955_Eisenhower,survivor insurance,0.16702829194943583
731,1930_Hoover,world wide,0.16702567727611228
732,1931_Hoover,finance corporation,0.16680893955056825
733,1956_Eisenhower,billion dollar,0.16676101501455443
734,1860_Buchanan,valorem duty,0.16657322017158063
735,1860_Buchanan,ad valorem duty,0.16657322017158063
736,1919_Wilson,peace time,0.1664582985930193
737,1810_Madison,british government,0.16642947271000566
738,1809_Madison,minister plenipotentiary,0.1663899886603192
739,2009_Obama,long term,0.1662517067816122
740,1887_Cleveland,sinking fund,0.166100261296705
741,1963_Kennedy,reduction tax,0.16594191217294474
742,1879_Hayes,public service,0.16592371797696515
743,2004_Bush,tonight propose,0.165881905246578
744,2016_Obama,al qaeda,0.16582006526121368
745,1957_Eisenhower,nation free,0.16580551387514172
746,1964_Johnson,every american,0.16579746187225555
747,1980_Carter,military power,0.16576894348664192
748,1934_Roosevelt,made clear,0.1657456209492082
749,1934_Roosevelt,child labor,0.1657456209492082
750,1851_Fillmore,california oregon,0.16563181423176956
751,1920_Wilson,treasury united,0.16558254264998953
752,1920_Wilson,treasury united state,0.16558254264998953
753,1898_McKinley,war spain,0.16543772955452996
754,1858_Buchanan,new granada,0.16535304637896567
755,1956_Eisenhower,free world,0.16529346559840724
756,1912_Taft,department state,0.16529325611947937
757,1944_Roosevelt,men woman,0.16525088956346123
758,2013_Obama,high school,0.16516905160398831
759,1792_Washington,government upon,0.1651275530760378
760,1970_Nixon,shall propose,0.16510900666988754
761,1922_Harding,interstate commerce,0.16506797292442113
762,1803_Jefferson,peace friendship,0.16502509426632786
763,1858_Buchanan,people kansa,0.16495677657353544
764,1958_Eisenhower,must maintain,0.1649486018914727
765,1945_Roosevelt,international cooperation,0.16487067013107606
766,1911_Taft,anti trust law,0.16480886785672685
767,1959_Eisenhower,free world,0.16477612597710461
768,1991_Bush,around world,0.16476465307664642
769,2014_Obama,natural gas,0.1647212271357987
770,1926_Coolidge,federal reserve,0.1643171428712615
771,1963_Kennedy,long run,0.16423198869000924
772,1963_Kennedy,tax reduction,0.16423198869000924
773,1845_Polk,oregon territory,0.16416389642932816
774,1954_Eisenhower,budget message,0.1641333044058954
775,2015_Obama,new economy,0.16408283673724125
776,1988_Reagan,family life,0.1640635905458788
777,1903_Roosevelt,commerce labor,0.16401918339555083
778,1879_Hayes,fiscal year,0.1639717324480492
779,2018_Trump,let u,0.16387119555181195
780,1849_Taylor,across isthmus,0.1638282822166709
781,1872_Grant,part great britain,0.16366302754295953
782,1919_Wilson,cost living,0.1635419042935352
783,1973_Nixon,community development,0.16347030134768734
784,1973_Nixon,american taxpayer,0.16347030134768734
785,1959_Eisenhower,economic growth,0.16345008092848892
786,1929_Hoover,fiscal year,0.1634159325699153
787,2011_Obama,al qaeda,0.1634143797932644
788,1822_Monroe,act last,0.1633934332117375
789,1816_Madison,amount sum,0.16338770868999689
790,1862_Lincoln,per cent,0.16326206399563298
791,1820_Monroe,minister plenipotentiary,0.16323287053803504
792,2002_Bush,america ally,0.16322802961774305
793,2002_Bush,economic security,0.16322802961774305
794,1822_Monroe,entitled act,0.16322670539303377
795,1804_Jefferson,mean time,0.1632177137223251
796,1861_Lincoln,circuit court,0.16317774444199112
797,1903_Roosevelt,rural free,0.16308322404844858
798,1903_Roosevelt,rural free delivery,0.16308322404844858
799,1974_Nixon,peace world,0.16301494962333443
800,1972_Nixon,nearly year,0.16297665368082379
801,1972_Nixon,world market,0.16297665368082379
802,2006_Bush,must also,0.1628817474928092
803,1964_Johnson,fellow american,0.1628452736556242
804,1927_Coolidge,building program,0.16283641041286742
805,1797_Adams,execution treaty,0.16279115001122715
806,1955_Eisenhower,old age survivor,0.16251018627421335
807,1955_Eisenhower,age survivor,0.16251018627421335
808,1796_Washington,country men,0.16249676814703512
809,1932_Hoover,banking system,0.16244754727969296
810,1963_Kennedy,free nation,0.1624162856741117
811,2011_Obama,new job,0.16231934715897053
812,1902_Roosevelt,rural free delivery,0.16230755208720876
813,1902_Roosevelt,rural free,0.16230755208720876
814,1805_Jefferson,funded debt,0.16228204237181518
815,1896_Cleveland,preceding year,0.1622717145849647
816,1963_Kennedy,peace corp,0.16211343739016823
817,1913_Wilson,south u,0.16209555434874354
818,1913_Wilson,interest community,0.16209555434874354
819,1913_Wilson,hope believe,0.16209555434874354
820,1913_Wilson,legislation provide,0.16209555434874354
821,1894_Cleveland,fine ounce,0.1620274699992981
822,1847_Polk,expense war,0.1619870924213197
823,1947_Truman,national economy,0.16187313166034376
824,1839_Buren,banking system,0.16178849366783596
825,1896_Cleveland,high power,0.16163829792998927
826,1976_Ford,common sense,0.16134950062395967
827,1813_Madison,one quarter,0.1613228703073276
828,1872_Grant,two government,0.16131018750002035
829,1940_Roosevelt,general welfare,0.16124203753611943
830,1982_Reagan,growth federal,0.1611035327956458
831,2008_Bush,past seven year,0.16101146247987214
832,1898_McKinley,red cross,0.16096264850046202
833,1948_Truman,standard living,0.16095012743789938
834,1988_Reagan,balanced budget,0.16087193987433623
835,1910_Taft,minimum tariff,0.16076219949379117
836,2015_Obama,new century,0.16075686847623427
837,1872_Grant,treaty washington,0.16068738062902133
838,2018_Trump,come together,0.160571001911054
839,1973_Nixon,provide better,0.16049815849399296
840,1973_Nixon,mutual respect,0.16049815849399296
841,1839_Buren,gold silver,0.16049458123615998
842,2009_Obama,high school,0.16046462200392403
843,1863_Lincoln,upon subject,0.16043832602164027
844,1817_Monroe,civil government,0.1603351247145586
845,1914_Wilson,money spent,0.16022367874806276
846,2014_Obama,hard work,0.16008996574649778
847,1929_Hoover,federal government,0.15999662940490467
848,1911_Taft,parcel post,0.1599051066574426
849,1993_Clinton,care cost,0.1596554044946948
850,1976_Ford,social security,0.15964321025854594
851,1816_Madison,year actual,0.15961816238102483
852,1942_Roosevelt,nation united,0.15961237442467271
853,1994_Clinton,crime bill,0.15949664181974035
854,1822_Monroe,view taken,0.1594608736191921
855,1900_McKinley,people island,0.15926464440065463
856,1989_Bush,ask congress,0.15919709759287726
857,1995_Clinton,new economy,0.159190877185405
858,2018_Trump,small business,0.15918647611533324
859,1872_Grant,appropriation made,0.15916426827305935
860,2001_Bush,next year,0.15904494005021447
861,1797_Adams,gentleman senate,0.15903536701152526
862,1815_Madison,debt contracted,0.15902114658210603
863,1806_Jefferson,million principal,0.15888349636499322
864,1806_Jefferson,result negotiation,0.15888349636499322
865,2006_Bush,al qaeda,0.15888054637889562
866,1887_Cleveland,present tariff,0.15885349717733607
867,1910_Taft,american commerce,0.15866217143712527
868,1952_Truman,free world,0.15861914699795374
869,1963_Kennedy,balance payment,0.15861831374961521
870,1983_Reagan,interest rate,0.15845640264655703
871,1867_Johnson,gold silver,0.15835442338370487
872,1972_Nixon,time great,0.15830197780889954
873,1980_Carter,nation security,0.1582912922339744
874,1824_Monroe,vast territory,0.15826358199650736
875,1807_Jefferson,instruction given,0.15818028172592705
876,1997_Clinton,last four year,0.158176853146684
877,2008_Bush,seven year,0.1580698595230063
878,1987_Reagan,arm reduction,0.15803392881180942
879,1912_Taft,per cent,0.15796875363487217
880,1975_Ford,natural gas,0.1579470352978414
881,1919_Wilson,last message,0.1579413721706655
882,1813_Madison,major general,0.15784479108792288
883,1847_Polk,mexican government,0.1577099240760793
884,1854_Pierce,san juan,0.15770932282133954
885,2010_Obama,health care,0.15770704718605874
886,2015_Obama,democrat republican,0.15767750284212592
887,2015_Obama,right thing,0.15767750284212592
888,1847_Polk,treaty peace,0.15763916382735202
889,1956_Eisenhower,past three,0.1576300089430057
890,1931_Hoover,shipping board,0.15746775176586422
891,1817_Monroe,provision may,0.1574199842199986
892,1875_Grant,legal tender,0.15730559219792592
893,1988_Reagan,federal deficit,0.1572725425714131
894,1971_Nixon,federal government,0.1571412970714585
895,1905_Roosevelt,interstate commerce,0.15702699895426409
896,1918_Wilson,hundred thirty,0.15697416856766783
897,1957_Eisenhower,atomic energy,0.156906631793628
898,1879_Hayes,united state note,0.1567531763799597
899,1879_Hayes,state note,0.1567531763799597
900,1914_Wilson,every mean,0.15652713032543555
901,1976_Ford,income family,0.15647558930213565
902,1856_Pierce,section union,0.15645496343554974
903,1950_Truman,natural resource,0.15641301853378556
904,1839_Buren,public due,0.15639678398982365
905,1995_Clinton,tax cut,0.15627485972834282
906,2017_Trump,right nation,0.1562490216347922
907,1855_Pierce,british government,0.15623773076378283
908,1796_Washington,general rule,0.15615334992270438
909,1941_Roosevelt,national unity,0.15609355120277343
910,1945_Roosevelt,full employment,0.15602196167798185
911,1962_Kennedy,price stability,0.15602132117501602
912,1955_Eisenhower,old age,0.15600985361778086
913,1907_Roosevelt,general public,0.1559690404029002
914,1802_Jefferson,navy yard,0.15586604788754646
915,1959_Eisenhower,billion dollar,0.15584913958162255
916,2004_Bush,high school,0.1558490157905677
917,1811_Madison,disposition toward,0.15584723729754907
918,1920_Wilson,half billion,0.15568810732794522
919,1968_Johnson,deficit billion,0.15567471020805512
920,1806_Jefferson,course session,0.15566291902359813
921,1973_Nixon,time come,0.15562522170820334
922,1797_Adams,french republic,0.15560660576955485
923,1911_Taft,trust law,0.15557968273402273
924,1798_Adams,gentleman senate,0.15556055076620612
925,1984_Reagan,let u,0.15547176000314636
926,1948_Truman,labor management,0.15545064041776244
927,1913_Wilson,must use,0.15538596886199835
928,1913_Wilson,sense responsibility,0.15538596886199835
929,1893_Cleveland,last fiscal year,0.1553182678176781
930,1893_Cleveland,last fiscal,0.1553182678176781
931,1847_Polk,cession territory,0.15530418081559685
932,1866_Johnson,year ending,0.1551832545084337
933,1810_Madison,early attention,0.15513648859167029
934,1857_Buchanan,gold silver,0.15512112350300705
935,1983_Reagan,peace freedom,0.15507868116842288
936,1872_Grant,part government,0.15504017129391412
937,1923_Coolidge,american policy,0.15495515261468312
938,1841_Tyler,treasury note,0.1549255270956465
939,1924_Coolidge,shipping board,0.15491846683300906
940,1794_Washington,seat government,0.15467914472166994
941,1863_Lincoln,receipt disbursement,0.15460158645917257
942,2004_Bush,men woman,0.1545991737050211
943,1805_Jefferson,shall receive,0.1545952088800167
944,1938_Roosevelt,dollar year,0.15455664814026612
945,1906_Roosevelt,interstate commerce,0.15444657333921294
946,1930_Hoover,red cross,0.15436430315322386
947,1949_Truman,free enterprise,0.15432001123386638
948,1850_Fillmore,beg leave,0.15431990416470795
949,1850_Fillmore,make appropriation,0.15431990416470795
950,1869_Grant,per cent,0.154308253725706
951,2001_Bush,income tax,0.15428520053781855
952,1858_Buchanan,fiscal year,0.15428065306494002
953,1927_Coolidge,national government,0.15408384351039736
954,1876_Grant,citizen united,0.15406944622603577
955,1876_Grant,citizen united state,0.15406944622603577
956,1972_Nixon,look back,0.15405288827166871
957,1832_Jackson,payment public debt,0.1539926124163672
958,1864_Lincoln,receipt disbursement,0.15399168356296014
959,1797_Adams,claim citizen,0.15398330184071787
960,1917_Wilson,german empire,0.15398266821973952
961,1917_Wilson,use made,0.15398266821973952
962,1891_Harrison,congressional district,0.15393656991111443
963,1807_Jefferson,mean time,0.1539344587148637
964,1837_Buren,claim upon,0.15375830991659611
965,1983_Reagan,task force,0.15354975041410107
966,1852_Fillmore,land warrant,0.15352601670976537
967,1857_Buchanan,paper currency,0.15345985983208113
968,1945_Roosevelt,air force,0.1534383976023277
969,1945_Roosevelt,peace must,0.1534383976023277
970,1964_Johnson,tax bill,0.1533232388694084
971,1982_Reagan,local government,0.15331569079501337
972,1796_Washington,sea men,0.15331424056016593
973,1826_Adams,gradual increase,0.15311214371713058
974,1826_Adams,board engineer,0.15311214371713058
975,1833_Jackson,present year,0.15308074251056908
976,1810_Madison,end year,0.15307344597768546
977,1986_Reagan,go forward,0.15306300758882788
978,1986_Reagan,free nation,0.15306300758882788
979,1989_Bush,new program,0.1527299893256546
980,1799_Adams,britannic majesty,0.15256528300412173
981,1799_Adams,seat government,0.15256528300412173
982,1823_Monroe,european power,0.1525146246082393
983,1831_Jackson,claim upon,0.15250256080910074
984,1797_Adams,catholic majesty,0.1524524511834701
985,1853_Pierce,general government,0.15234747288005931
986,1998_Clinton,ask congress,0.1522928027770847
987,1979_Carter,generation american,0.1522272374851962
988,1798_Adams,indian title,0.15220670566074548
989,1874_Grant,attention congress,0.15212942857734324
990,1835_Jackson,government france,0.1520651601229563
991,1896_Cleveland,post office,0.15201422387353955
992,2008_Bush,past seven,0.15199492948969412
993,2004_Bush,al qaida,0.15199395859111972
994,1994_Clinton,violent crime,0.15194174473901262
995,1966_Johnson,year billion,0.1518956369340006
996,1965_Johnson,high speed,0.15179328225068567
997,1965_Johnson,price stability,0.15179328225068567
998,1965_Johnson,third century,0.15179328225068567
999,1927_Coolidge,good road,0.1517788996190979
1000,1865_Johnson,elective franchise,0.15176614329922722
1001,1839_Buren,suspension specie payment,0.15174331788089526
1002,1839_Buren,suspension specie,0.15174331788089526
1003,1975_Ford,tax cut,0.1517108824776568
1004,1813_Madison,lake erie,0.15168297300488998
1005,1801_Jefferson,increase number,0.1516514895365431
1006,1896_Cleveland,cent pound,0.1516208882261801
1007,1967_Johnson,interest rate,0.1515622647561271
1008,1946_Truman,lend lease,0.1515571186772771
1009,1966_Johnson,member house,0.15142855255340948
1010,1805_Jefferson,million principal,0.15126217629510932
1011,1932_Hoover,federal reserve,0.15118329615090387
1012,1896_Cleveland,fiscal year ended,0.15115464870744677
1013,1857_Buchanan,people kansa,0.151119783919251
1014,1905_Roosevelt,national government,0.15096623585299
1015,1954_Eisenhower,detailed recommendation,0.15089577447035676
1016,1791_Washington,far may,0.15080233695574977
1017,1796_Washington,commissioner part,0.15065843111700167
1018,1942_Roosevelt,armed force,0.15058986601729743
1019,1948_Truman,next decade,0.1504496074270817
1020,1908_Roosevelt,interstate business,0.15032659589347455
1021,1829_Jackson,independent government,0.1502262865309748
1022,1868_Johnson,fiscal year,0.15020949311192733
1023,1891_Harrison,twelve month,0.15020892243212822
1024,1997_Clinton,last four,0.15008365123751669
1025,1868_Johnson,year ending,0.15004895961499146
1026,1914_Wilson,standing army,0.15004803738465156
1027,1914_Wilson,look u,0.15004803738465156
1028,1842_Tyler,felt duty,0.14999893503630685
1029,1822_Monroe,hope entertained,0.14993224049657541
1030,1959_Eisenhower,make effective,0.1498933079730239
1031,1986_Reagan,federal budget,0.14980550389723762
1032,1935_Roosevelt,economic problem,0.14977778379601575
1033,2013_Obama,al qaeda,0.14972973837658515
1034,1963_Kennedy,billion year,0.14965495368776716
1035,2015_Obama,working family,0.1496098504540029
1036,1878_Hayes,cent bond,0.14960678630844526
1037,1878_Hayes,per cent bond,0.14960678630844526
1038,1964_Johnson,must part,0.14951013245521896
1039,1964_Johnson,must expand,0.14951013245521896
1040,1921_Harding,may well,0.1494844379566094
1041,1983_Reagan,spending program,0.14939623851095016
1042,1980_Carter,foreign oil,0.14934641182635647
1043,1837_Buren,large tract,0.1492887340049972
1044,1987_Reagan,third century,0.14918413569302913
1045,1798_Adams,navigation united,0.1491214672396744
1046,1798_Adams,navigation united state,0.1491214672396744
1047,1849_Taylor,new mexico,0.14910148054643046
1048,1812_Madison,30th september last,0.14892787098893762
1049,1962_Kennedy,latin america,0.1489087015058872
1050,1819_Monroe,consideration congress whether,0.14884805928124648
1051,1955_Eisenhower,united nation,0.148766993713236
1052,1905_Roosevelt,wage worker,0.14870792832901947
1053,1859_Buchanan,present fiscal year,0.14868112752375764
1054,1994_Clinton,health care system,0.14866592015239263
1055,1994_Clinton,care system,0.14866592015239263
1056,2017_Trump,middle class,0.14860273221841402
1057,1874_Grant,new constitution,0.14858611809899716
1058,1955_Eisenhower,past two year,0.14840442472081677
1059,1955_Eisenhower,carry forward,0.14840442472081677
1060,1948_Truman,world peace,0.14840388010336375
1061,1805_Jefferson,course session,0.14819608353701044
1062,1921_Harding,might well,0.14816892785595928
1063,1798_Adams,article treaty,0.14815818550690324
1064,1948_Truman,wage earner,0.14815392914217212
1065,1845_Polk,rate duty,0.1481320522849118
1066,1961_Eisenhower,small business,0.14808060281353908
1067,1906_Roosevelt,american republic,0.1480720105745581
1068,2010_Obama,middle class,0.14805013948797355
1069,1970_Nixon,federal government,0.14794035799377725
1070,1830_Jackson,light house,0.1479379363743803
1071,2016_Obama,working family,0.14793414601813407
1072,1866_Johnson,fiscal year,0.14788056561922816
1073,1880_Hayes,political power,0.14773556209796954
1074,1839_Buren,keeping public,0.14763866987370433
1075,1995_Clinton,minimum wage,0.14758260809959625
1076,1943_Roosevelt,end war,0.14744831001431327
1077,1887_Cleveland,surplus revenue,0.14739280059049256
1078,1956_Eisenhower,collective security,0.14738072584791603
1079,1978_Carter,economic policy,0.14736374776641775
1080,1808_Jefferson,instruction given,0.14736248193931656
1081,1927_Coolidge,tax reduction,0.14732861272666767
1082,1811_Madison,mean time,0.14731384215230386
1083,1834_Jackson,internal improvement,0.14725339161004172
1084,1984_Reagan,hope future,0.147222868367557
1085,1859_Buchanan,present fiscal,0.14716997731374273
1086,1861_Lincoln,supreme court,0.1471316522621
1087,1999_Clinton,balanced budget,0.14708785557296072
1088,1895_Cleveland,free coinage,0.1470401953304161
1089,1992_Bush,health care,0.14702141551486064
1090,1812_Madison,war united,0.14700613811491275
1091,1812_Madison,act last session,0.14700613811491275
1092,1865_Johnson,civil war,0.14691419624114815
1093,1901_Roosevelt,monroe doctrine,0.14691080095130626
1094,1959_Eisenhower,security program,0.14685496225223424
1095,1959_Eisenhower,shall recommend,0.14685496225223424
1096,1894_Cleveland,previous year,0.14685364682703334
1097,1797_Adams,sea men,0.14681343427161397
1098,1931_Hoover,construction work,0.14677480317772662
1099,1982_Reagan,state local government,0.14677147962388115
1100,1914_Wilson,peace world,0.1467038852460636
1101,1923_Coolidge,enacted law,0.14663861597598352
1102,1863_Lincoln,citizen united state,0.14658681793196393
1103,1863_Lincoln,citizen united,0.14658681793196393
1104,1935_Roosevelt,new order,0.1465486136457637
1105,2007_Bush,health care,0.1465261373117534
1106,1929_Hoover,merchant marine,0.14638929431646322
1107,1838_Buren,court united,0.14638300941482998
1108,1838_Buren,court united state,0.14638300941482998
1109,1968_Johnson,congress authorized,0.14637232043446935
1110,1926_Coolidge,national government,0.14635970716495394
1111,1828_Adams,january 1st,0.1463287146875496
1112,2000_Clinton,new market,0.14627447258114298
1113,1955_Eisenhower,federal government,0.1462700586737197
1114,1908_Roosevelt,employer liability,0.1462602701344301
1115,2004_Bush,september 11th,0.14624973320343645
1116,1825_Adams,internal improvement,0.14618614357549736
1117,1964_Johnson,full time,0.14606075812670194
1118,1964_Johnson,family income,0.14606075812670194
1119,1974_Nixon,nation world,0.1460544410983623
1120,1973_Nixon,government spending,0.14600327616793357
1121,1867_Johnson,depreciated paper,0.14593066686507072
1122,1826_Adams,act parliament,0.1458596619445059
1123,1927_Coolidge,general subject,0.14585387693162227
1124,1796_Washington,military academy,0.1458115692300677
1125,1905_Roosevelt,philippine island,0.14565466352125314
1126,1852_Fillmore,rio grande,0.14562812109061288
1127,2010_Obama,small business owner,0.14554628474341813
1128,1845_Polk,free navigation,0.1455451879930589
1129,1918_Wilson,law permit,0.14549373911272068
1130,1918_Wilson,return peace,0.14549373911272068
1131,1796_Washington,part united state,0.1454381916347366
1132,1869_Grant,attention recommendation,0.1454035881136244
1133,1920_Wilson,people one,0.1453771388906092
1134,1805_Jefferson,day september last,0.14535732503742704
1135,1805_Jefferson,active service,0.14535732503742704
1136,1937_Roosevelt,hundred fifty,0.1452709429836578
1137,1920_Wilson,fiscal year,0.14526289898494044
1138,1909_Taft,second class,0.14508631144368161
1139,1980_Carter,military force,0.1450464814180953
1140,1978_Carter,world economy,0.145024334401137
1141,1978_Carter,common good,0.145024334401137
1142,1911_Taft,common law,0.14501494468335666
1143,1816_Madison,amendment law,0.14479892363614344
1144,1917_Wilson,desire peace,0.1447813869310679
1145,1835_Jackson,minister paris,0.14468402099089162
1146,2007_Bush,let u,0.1446521571087684
1147,1876_Grant,per cent,0.14453829804840054
1148,1914_Wilson,great small,0.1444979565966123
1149,1796_Washington,part united,0.1444007529992461
1150,1926_Coolidge,per cent,0.14435360352303106
1151,1928_Coolidge,flood control,0.1443068026802767
1152,1937_Roosevelt,national government,0.14429748872838974
1153,1898_McKinley,cuba puerto,0.14417553338008976
1154,1898_McKinley,cuba puerto rico,0.14417553338008976
1155,1926_Coolidge,war debt,0.14417030881353318
1156,1912_Taft,national guard,0.14398878889325725
1157,1801_Jefferson,person property,0.14394267159649657
1158,1852_Fillmore,new mexico,0.14385147659601355
1159,1887_Cleveland,levied upon,0.1438453448547217
1160,1824_Monroe,within limit,0.14379999265898055
1161,1931_Hoover,saving bank,0.14379966972323616
1162,1836_Jackson,bank united state,0.14368761303341226
1163,1836_Jackson,bank united,0.14368761303341226
1164,2013_Obama,american job,0.14353200837972005
1165,1903_Roosevelt,land law,0.14349655465583586
1166,1956_Eisenhower,housing program,0.14339408570390103
1167,1833_Jackson,secretary treasury,0.1433846012545963
1168,1941_Roosevelt,nation right,0.14338006640852996
1169,1868_Johnson,circulating medium,0.14337655510007824
1170,1981_Carter,private sector,0.1433652207413995
1171,1997_Clinton,year old,0.14330921000130553
1172,1960_Eisenhower,hundred million,0.14303363174883718
1173,1955_Eisenhower,past two,0.14291513901698877
1174,1967_Johnson,state local,0.14289647388501667
1175,1967_Johnson,fighting men,0.14289629119797595
1176,1967_Johnson,arm control,0.14289629119797595
1177,2011_Obama,last two,0.1428724554372641
1178,1860_Buchanan,year ending june,0.14277722839594528
1179,1960_Eisenhower,less fortunate,0.1427669251821801
1180,1853_Pierce,construction road,0.14273838129440372
1181,1864_Lincoln,operation treasury,0.1427293804979115
1182,1805_Jefferson,peace establishment,0.14271450410126663
1183,1849_Taylor,new granada,0.14253321172851102
1184,1976_Ford,energy independence,0.1424881042991821
1185,1926_Coolidge,federal government,0.1423805393519102
1186,1878_Hayes,actual estimated,0.14234497496421086
1187,1963_Kennedy,cause peace,0.14233135526443766
1188,1913_Wilson,earnestly hope,0.14231565442209415
1189,1913_Wilson,shall take,0.14231565442209415
1190,2002_Bush,win war,0.14226203266446316
1191,1917_Wilson,every point,0.14214903744025795
1192,1987_Reagan,go work,0.14211771236035517
1193,1987_Reagan,balance budget,0.14211771236035517
1194,1987_Reagan,get done,0.14211771236035517
1195,1894_Cleveland,secretary agriculture,0.1421146149811396
1196,1911_Taft,commerce labor,0.14207548365879566
1197,1911_Taft,cost production,0.14207548365879566
1198,1843_Tyler,two country,0.14196339447214695
1199,1889_Harrison,sinking fund,0.14196094111619
1200,1792_Washington,provision law,0.1418766187509988
1201,1811_Madison,ship war,0.14183786526799633
1202,1829_Jackson,limit state,0.14173715141725124
1203,2010_Obama,wall street,0.141609266125603
1204,1818_Monroe,cession territory,0.14152751597226165
1205,1854_Pierce,central america,0.14151216001992642
1206,1965_Johnson,large small,0.14148566215114539
1207,1944_Roosevelt,service law,0.1414623077279033
1208,1959_Eisenhower,ballistic missile,0.1414229891399506
1209,1796_Washington,naval force,0.1413891242126528
1210,1828_Adams,act congress,0.14138648257495434
1211,2009_Obama,tax break,0.14124890306651863
1212,2009_Obama,bring deficit,0.14124890306651863
1213,2014_Obama,five year,0.14121416813621734
1214,1798_Adams,treaty amity commerce,0.14111802801878412
1215,1856_Pierce,private property,0.14109913523695056
1216,1845_Polk,mexican government,0.141081588454658
1217,1950_Truman,20th century,0.14106558131806485
1218,1794_Washington,execution law,0.14104494169043763
1219,1938_Roosevelt,billion dollar,0.14099470700590155
1220,1866_Johnson,30th june last,0.14088323405493913
1221,1984_Reagan,economic growth,0.14085462918398678
1222,1990_Bush,one year,0.14080784499752322
1223,1963_Kennedy,men woman,0.14079012130560603
1224,1941_Roosevelt,security nation,0.1407731950916908
1225,1941_Roosevelt,great small,0.1407731950916908
1226,1821_Monroe,vessel united state,0.14072708847081394
1227,1821_Monroe,vessel united,0.14072708847081394
1228,1961_Eisenhower,peace justice,0.14072421389320977
1229,1792_Washington,ensuing year,0.14063835371270578
1230,2012_Obama,fair share,0.14060071047741535
1231,1832_Jackson,payment public,0.14059798342567506
1232,2001_Bush,year federal,0.14058929871338052
1233,1982_Reagan,tax rate,0.14058688689585244
1234,1860_Buchanan,ending june,0.14053015063327487
1235,1834_Jackson,bank united,0.14026111931304294
1236,1834_Jackson,bank united state,0.14026111931304294
1237,1897_McKinley,battle ship,0.14023549955725736
1238,2011_Obama,small business,0.14020796324290058
1239,1820_Monroe,minister plenipotentiary united,0.14013630829184873
1240,1812_Madison,act last,0.14004563264457912
1241,1812_Madison,state war,0.14004563264457912
1242,1964_Johnson,decent home,0.14001489741912534
1243,1807_Jefferson,new orleans,0.14000323274073695
1244,1836_Jackson,general government,0.13989451460281954
1245,1949_Truman,foreign policy,0.1398524778200044
1246,1839_Buren,specie payment,0.13978776700323042
1247,1966_Johnson,next year,0.13973953421320356
1248,1871_Grant,accompanying report,0.13972114948596676
1249,1861_Lincoln,labor capital,0.13970059490879966
1250,1861_Lincoln,ask attention,0.13970059490879966
1251,1914_Wilson,private capital,0.1396435788207276
1252,1797_Adams,debt contracted,0.13962889002994167
1253,1825_Adams,act may,0.13962025162270503
1254,1825_Adams,west point,0.13962025162270503
1255,1825_Adams,military academy,0.13962025162270503
1256,1825_Adams,3d march,0.13962025162270503
1257,1887_Cleveland,business country,0.13958465927673824
1258,2006_Bush,lead world,0.1394929615663928
1259,2006_Bush,world economy,0.1394929615663928
1260,1796_Washington,carrying effect,0.13946815100573692
1261,1831_Jackson,mean may,0.13941543106483945
1262,1831_Jackson,reduction duty,0.13941543106483945
1263,1971_Nixon,local government,0.1393958685681967
1264,1900_McKinley,civil service,0.13934175680860014
1265,1829_Jackson,right expect,0.13928188787613605
1266,1896_Cleveland,year ended,0.1392721357478655
1267,1937_Roosevelt,collective bargaining,0.13925777491988797
1268,2005_Bush,war terror,0.1392430173844567
1269,1866_Johnson,30th june,0.13921267625516962
1270,1843_Tyler,british government,0.13919396278288657
1271,1874_Grant,medium exchange,0.13914956626614183
1272,1853_Pierce,within limit,0.13914216629819373
1273,1923_Coolidge,million dollar,0.13912100812265657
1274,1799_Adams,execution law,0.13911740644818035
1275,1943_Roosevelt,day day,0.1390978640058928
1276,1987_Reagan,across world,0.1390536913624134
1277,1986_Reagan,say tonight,0.13900942155077717
1278,1828_Adams,treasury january 1st,0.13899890532266887
1279,1828_Adams,treasury january,0.13899890532266887
1280,1814_Madison,present year,0.13899731458927686
1281,1959_Eisenhower,labor management,0.1389731677230614
1282,1936_Roosevelt,prosecution war,0.13893880745936182
1283,1934_Roosevelt,national life,0.13883208408228184
1284,1934_Roosevelt,whole people,0.13883208408228184
1285,2015_Obama,new job,0.138812192175657
1286,1798_Adams,amity commerce,0.1387812578378722
1287,1991_Bush,every american,0.13874522611814202
1288,1965_Johnson,new nation,0.1386177398805435
1289,1984_Reagan,move forward,0.13858255283886936
1290,1973_Nixon,american government,0.13849230927452394
1291,1812_Madison,30th september,0.1384611224511678
1292,1834_Jackson,exchange ratification,0.1384512203187075
1293,1941_Roosevelt,every member,0.13833462983184988
1294,1806_Jefferson,peace friendship,0.13833005087168598
1295,1838_Buren,specie payment,0.13830385656738278
1296,1819_Monroe,interest nation,0.13828005363103546
1297,1866_Johnson,fiscal year ending,0.1382491995907064
1298,2013_Obama,higher education,0.13822294698803494
1299,1847_Polk,prosecution war,0.13821370357629503
1300,1950_Truman,collective bargaining,0.13820617410940159
1301,2010_Obama,business owner,0.1380874829637425
1302,1913_Wilson,business men,0.13808393875851654
1303,1854_Pierce,power europe,0.1380439950012627
1304,1891_Harrison,naval vessel,0.1380135674403447
1305,1951_Truman,economic aid,0.13800925648460455
1306,2006_Bush,men woman,0.13798246313135232
1307,1967_Johnson,state local government,0.13790666623911366
1308,1898_McKinley,joint resolution,0.13789209991235138
1309,1887_Cleveland,laid upon,0.13789118625949817
1310,2002_Bush,tax relief,0.13786732446304406
1311,1822_Monroe,great object,0.13786620598285362
1312,1836_Jackson,accompanying document,0.13776244505869215
1313,1836_Jackson,want government,0.13776244505869215
1314,1924_Coolidge,agricultural product,0.1376308265809139
1315,1928_Coolidge,wage earner,0.13753317298385478
1316,1976_Ford,tax reduction,0.13751273233121994
1317,1914_Wilson,shall take,0.13742672386406168
1318,1914_Wilson,people whose,0.13742672386406168
1319,1813_Madison,vessel war,0.13742571431625325
1320,1917_Wilson,win war,0.13737357109826837
1321,2006_Bush,tax relief,0.13736446839022484
1322,2001_Bush,social security medicare,0.13734573849520335
1323,1820_Monroe,may proper,0.1372957374993059
1324,1944_Roosevelt,right every,0.13709230434527356
1325,1915_Wilson,present duty,0.1370403667660689
1326,1812_Madison,one nation,0.1369303349375752
1327,1882_Arthur,total ordinary,0.13688150943868055
1328,1984_Reagan,child child,0.13668037434522637
1329,1959_Eisenhower,greater freedom,0.13667191423446468
1330,1959_Eisenhower,make clear,0.13667191423446468
1331,1949_Truman,congress enact,0.13666119240418223
1332,1877_Hayes,total expenditure,0.1366599483684883
1333,1956_Eisenhower,civil defense,0.1366019203823115
1334,1956_Eisenhower,legislation provide,0.1366019203823115
1335,1937_Roosevelt,state action,0.1365902334926668
1336,1874_Grant,legal tender,0.13648409762133312
1337,1983_Reagan,national product,0.13642875772882881
1338,1983_Reagan,gross national,0.13642875772882881
1339,1983_Reagan,gross national product,0.13642875772882881
1340,2008_Bush,let u,0.1364150395236412
1341,1911_Taft,panama canal,0.1363949119022981
1342,2014_Obama,make sure,0.1363478644786998
1343,2014_Obama,new job,0.1363478644786998
1344,1810_Madison,french government,0.13631852169602343
1345,1968_Johnson,ask congress,0.1362678863908815
1346,1871_Grant,citizen united state,0.1362358818953263
1347,1871_Grant,citizen united,0.1362358818953263
1348,1987_Reagan,american policy,0.1362350652754701
1349,1987_Reagan,national welfare,0.1362350652754701
1350,1982_Reagan,rate percent,0.13622092560176274
1351,1967_Johnson,southeast asia,0.13612770497006957
1352,1913_Wilson,put upon,0.1361243232359916
1353,1931_Hoover,meet emergency,0.13608185458958905
1354,1823_Monroe,board engineer,0.1360172169889589
1355,1894_Cleveland,preceding year,0.13599597375680678
1356,1965_Johnson,improve quality,0.13596245859451236
1357,1991_Bush,saddam hussein,0.13591764800584422
1358,1891_Harrison,ending september,0.135890236238682
1359,1988_Reagan,day day,0.13588591523767285
1360,1795_Washington,foreign power,0.13585145555373931
1361,2002_Bush,create job,0.13584064184352582
1362,1822_Monroe,deemed proper,0.13583953980526145
1363,1986_Reagan,reform must,0.135802310954023
1364,1930_Hoover,antitrust law,0.13575146487850748
1365,1848_Polk,war mexico,0.1356349375067215
1366,1995_Clinton,crime rate,0.13558218095809632
1367,1882_Arthur,sinking fund,0.13551499849739032
1368,1872_Grant,part united state,0.13549560821730114
1369,2012_Obama,tax break,0.13547776871780196
1370,1888_Cleveland,fiscal year ended,0.13542881208255697
1371,1810_Madison,consideration congress,0.13540951983727129
1372,1945_Roosevelt,winning war,0.13540615465758374
1373,1903_Roosevelt,private property,0.1353877098660391
1374,1903_Roosevelt,free delivery,0.1353877098660391
1375,1914_Wilson,great measure,0.1353297589657392
1376,2000_Clinton,seven year,0.13529287317955954
1377,2011_Obama,make sure,0.13526612263247545
1378,2018_Trump,american worker,0.1352382569196209
1379,1824_Monroe,public debt,0.13513952540788152
1380,1840_Buren,right state,0.13512760325693704
1381,1836_Jackson,surplus revenue,0.13511791001127263
1382,1921_Harding,political party,0.13507621017994945
1383,1985_Reagan,four year ago,0.13505524939557004
1384,1897_McKinley,mother country,0.13504837171833348
1385,1900_McKinley,government island,0.13487329654841382
1386,1964_Johnson,million job,0.13483592936496094
1387,1964_Johnson,must strengthen,0.13483592936496094
1388,1873_Grant,fiscal year,0.13476984501506395
1389,1902_Roosevelt,free delivery,0.13474376594690024
1390,1896_Cleveland,battle ship,0.13471496613087125
1391,1969_Johnson,congress last year,0.13468458175531042
1392,1868_Johnson,per caput,0.13463785283990204
1393,1908_Roosevelt,panama canal,0.1346359249786594
1394,1898_McKinley,san juan,0.13462702386557168
1395,1872_Grant,part united,0.1345290919444851
1396,1972_Nixon,one another,0.13444244844601347
1397,1845_Polk,rocky mountain,0.1343987269710688
1398,2001_Bush,security medicare,0.13438460001543345
1399,1963_Kennedy,cold war,0.13427069795798482
1400,1913_Wilson,several department,0.13425588630207055
1401,1922_Harding,may well,0.13409072047169823
1402,1811_Madison,government great britain,0.133981788749355
1403,1970_Nixon,war ii,0.1339166566503517
1404,1970_Nixon,world war ii,0.1339166566503517
1405,1872_Grant,part great,0.13376774670763078
1406,2000_Clinton,high tech,0.1337101588215161
1407,2003_Bush,nuclear weapon,0.13369929506874775
1408,1805_Jefferson,day september,0.13365946409094212
1409,1813_Madison,st lawrence,0.13361590958445757
1410,1920_Wilson,upon treasury,0.1335740729491576
1411,1908_Roosevelt,engaged interstate,0.13356498904127806
1412,1908_Roosevelt,rural route,0.1335487443831137
1413,1965_Johnson,new world,0.1334904508576274
1414,1965_Johnson,state world,0.1334904508576274
1415,2004_Bush,child left,0.1334751441270235
1416,2004_Bush,child left behind,0.1334751441270235
1417,1843_Tyler,condition thing,0.13344857780579822
1418,1843_Tyler,powerful nation,0.13344857780579822
1419,1981_Carter,persian gulf,0.13342186041574466
1420,1994_Clinton,middle class,0.13340087532594921
1421,1956_Eisenhower,submitted congress,0.13337838755814005
1422,1932_Hoover,public health,0.1333426942200233
1423,1899_McKinley,officer enlisted,0.1333156520959553
1424,1899_McKinley,officer enlisted men,0.1333156520959553
1425,1860_Buchanan,state legislature,0.13325864002437116
1426,1867_Johnson,paper money,0.133183947524017
1427,1984_Reagan,must never,0.1331225257986796
1428,1847_Polk,military occupation,0.13311786927051159
1429,1847_Polk,new mexico california,0.13311786927051159
1430,1847_Polk,mexico california,0.13311786927051159
1431,1950_Truman,well people,0.13309410836643798
1432,1950_Truman,life people,0.13309410836643798
1433,1919_Wilson,interstate commerce,0.1330259541688591
1434,1956_Eisenhower,three year,0.13292241124909074
1435,1986_Reagan,asking congress,0.13287444837151063
1436,1939_Roosevelt,billion dollar year,0.13285641632342768
1437,1940_Roosevelt,boy girl,0.13285009282654742
1438,1821_Monroe,higher duty,0.13282161311318819
1439,1936_Roosevelt,four month,0.13280695072754234
1440,1936_Roosevelt,repeal law,0.13280695072754234
1441,1955_Eisenhower,two year,0.1327682941929622
1442,1868_Johnson,year ending june,0.1327272484322744
1443,1854_Pierce,private property,0.13265935033981252
1444,1975_Ford,federal spending,0.13264048710918022
1445,1942_Roosevelt,next year,0.13258838845476087
1446,1901_Roosevelt,national government,0.13257050395499503
1447,1888_Cleveland,fiscal year,0.1325519486930545
1448,1929_Hoover,highway system,0.13255186812545797
1449,1798_Adams,treaty amity,0.13251698142829674
1450,1798_Adams,united state spain,0.13251698142829674
1451,1794_Washington,submitted congress,0.13251625694684044
1452,1981_Carter,economic development,0.13250303676425698
1453,1963_Kennedy,peace freedom,0.1324851336835097
1454,2003_Bush,united nation,0.13245725805225234
1455,1890_Harrison,gratifying know,0.1324349614930035
1456,1902_Roosevelt,industrial development,0.13240964639804556
1457,1902_Roosevelt,people whole,0.13240964639804556
1458,1988_Reagan,appropriation bill,0.13234874680116118
1459,2011_Obama,small business owner,0.1322316507731741
1460,1820_Monroe,made construction,0.13221734761659676
1461,1820_Monroe,plenipotentiary united state,0.13221734761659676
1462,1820_Monroe,plenipotentiary united,0.13221734761659676
1463,1820_Monroe,various part,0.13221734761659676
1464,1861_Lincoln,increase efficiency,0.13220277959641571
1465,1828_Adams,session congress,0.1321480611974055
1466,1856_Pierce,across isthmus,0.13214658817077304
1467,1858_Buchanan,treasury note,0.13214268651795513
1468,1949_Truman,meet need,0.1320725305918634
1469,1934_Roosevelt,executive branch,0.13204097377592225
1470,1945_Roosevelt,peace loving,0.1320386411570026
1471,1878_Hayes,year actual,0.13193446310576848
1472,1990_Bush,every american,0.13192933719290598
1473,1972_Nixon,revenue sharing,0.1319182515962242
1474,1865_Johnson,several state,0.1319149747873163
1475,1819_Monroe,congress whether,0.13191346486256775
1476,1845_Polk,people texas,0.13188186384298095
1477,1991_Bush,capital gain,0.13187352284888695
1478,1903_Roosevelt,across isthmus panama,0.13185900671203063
1479,1813_Madison,first instance,0.1318390528444251
1480,2012_Obama,wall street,0.1318131028784621
1481,1937_Roosevelt,maintain peace,0.13178372602378635
1482,1969_Johnson,coming fiscal year,0.1317808171242637
1483,1969_Johnson,part american,0.1317808171242637
1484,1969_Johnson,coming fiscal,0.1317808171242637
1485,1996_Clinton,make life,0.1317574681334248
1486,1837_Buren,preemption law,0.13169418358058896
1487,2001_Bush,prescription drug,0.13166061667075737
1488,1981_Carter,soviet union,0.13162032910330868
1489,1931_Hoover,fiscal year,0.1316004433352138
1490,1952_Truman,people people,0.13156506942917512
1491,1889_Harrison,provision made,0.13152386397288793
1492,1868_Johnson,gold silver,0.1315093423606268
1493,1984_Reagan,private sector,0.1314533363329349
1494,1914_Wilson,may seem,0.13144808177638298
1495,1877_Hayes,public faith,0.13129442021868762
1496,1987_Reagan,america world,0.13119590827200767
1497,1987_Reagan,welfare reform,0.13119590827200767
1498,1930_Hoover,work government,0.13119092361085696
1499,1811_Madison,interest public debt,0.13118934547596736
1500,1842_Tyler,addition made,0.13116106808080782
1501,1953_Truman,past eight,0.13110617089646753
1502,1953_Truman,past eight year,0.13110617089646753
1503,1929_Hoover,recommend congress,0.13094016037424103
1504,1881_Arthur,across isthmus panama,0.1308180971925478
1505,1989_Bush,task force,0.13081342571614174
1506,1997_Clinton,every state,0.13079964614585488
1507,1934_Roosevelt,people country,0.1307935257773294
1508,1868_Johnson,ending june,0.1306383407555859
1509,1854_Pierce,favorable consideration,0.13057404126898203
1510,1961_Eisenhower,science technology,0.13047206739607506
1511,1916_Wilson,concerted action,0.1304015496600142
1512,1916_Wilson,expenditure money,0.1304015496600142
1513,1880_Hayes,competitive examination,0.13037352241978353
1514,1954_Eisenhower,urge congress,0.13034074696925277
1515,1964_Johnson,program must,0.1303061453159914
1516,1932_Hoover,executive order,0.13023094292018858
1517,1882_Arthur,provision made,0.13020189984509534
1518,1948_Truman,low income,0.13019955184580334
1519,1910_Taft,merchant marine,0.1301842192897012
1520,1986_Reagan,america strong,0.13018107588496494
1521,1976_Ford,federal program,0.130120244354401
1522,1936_Roosevelt,oath office,0.1301149464220081
1523,1892_Harrison,year ending june,0.13001526246291964
1524,1966_Johnson,year alone,0.12996712003178734
1525,1957_Eisenhower,free nation,0.12996610275862375
1526,1947_Truman,private enterprise,0.12993514931779102
1527,1820_Monroe,congress whether,0.1299269923367003
1528,1915_Wilson,present fiscal year,0.12991321053707014
1529,2006_Bush,tonight ask,0.12984309484510156
1530,1805_Jefferson,consider whether,0.1298256961387304
1531,1901_Roosevelt,puerto rico,0.12981446786811535
1532,1918_Wilson,least possible,0.12980028691171913
1533,1940_Roosevelt,enduring peace,0.12978508517648563
1534,1834_Jackson,government france,0.1297450947036113
1535,1831_Jackson,present year,0.12973583869904876
1536,2014_Obama,get ahead,0.12968366236208315
1537,2014_Obama,high quality,0.12968366236208315
1538,1914_Wilson,tell u,0.12964383074287533
1539,1868_Johnson,fiscal year ending,0.1296244112633025
1540,1937_Roosevelt,new national,0.12960152233496455
1541,1937_Roosevelt,national need,0.12960152233496455
1542,1939_Roosevelt,get rid,0.12955231410784263
1543,1830_Jackson,internal improvement,0.12955204625899103
1544,1886_Cleveland,attention congress,0.12950764230134182
1545,1935_Roosevelt,government work,0.12949442909606357
1546,1967_Johnson,nation must,0.1294493759417175
1547,1904_Roosevelt,public servant,0.12943034489624497
1548,1839_Buren,depreciated paper,0.12941505309177892
1549,1949_Truman,medical care,0.1292617485306852
1550,1878_Hayes,per cent,0.12925411226954722
1551,1834_Jackson,claim citizen,0.12924823155686932
1552,2001_Bush,rate percent,0.1291386020148089
1553,1895_Cleveland,issue bond,0.12912494316296885
1554,1877_Hayes,silver dollar,0.12912031893344073
1555,1969_Johnson,federal program,0.12910961260415443
1556,1876_Grant,said act,0.12909364827430617
1557,1954_Eisenhower,next fiscal,0.12904119848302928
1558,1954_Eisenhower,next fiscal year,0.12904119848302928
1559,1997_Clinton,must able,0.12901277668125335
1560,1896_Cleveland,ended june,0.12900861216969736
1561,1896_Cleveland,year ended june,0.12900861216969736
1562,1965_Johnson,strong enough,0.12900586786975082
1563,1945_Roosevelt,new weapon,0.12899235464986133
1564,2018_Trump,new administration,0.12894541514024058
1565,1987_Reagan,speaker house,0.12892324703179772
1566,2003_Bush,health care,0.1289137307741345
1567,1798_Adams,state spain,0.12884325977146782
1568,1798_Adams,vessel cargo,0.12884325977146782
1569,1968_Johnson,next year,0.12876407079183563
1570,1880_Hayes,minister united state,0.12875325917406114
1571,1880_Hayes,minister united,0.12875325917406114
1572,2015_Obama,higher wage,0.12874405407208994
1573,1946_Truman,war liquidation,0.12874371152699332
1574,1946_Truman,estimated billion dollar,0.12874371152699332
1575,1928_Coolidge,parcel post,0.12872085836780084
1576,1847_Polk,war steamer,0.1286972799414372
1577,1847_Polk,enemy country,0.1286972799414372
1578,1847_Polk,war mexico,0.1286972799414372
1579,1825_Adams,3d march last,0.1286802795887224
1580,1959_Eisenhower,farm product,0.12865082025640617
1581,2003_Bush,weapon mass,0.12865068534080576
1582,2003_Bush,weapon mass destruction,0.12865068534080576
1583,2003_Bush,u n,0.12865068534080576
1584,1935_Roosevelt,federal government,0.12864828378711
1585,1822_Monroe,submitted consideration,0.12863577297741002
1586,1898_McKinley,major general,0.1285991800371864
1587,1915_Wilson,present fiscal,0.12859281178400422
1588,1970_Nixon,nation world,0.12856325859516812
1589,1921_Harding,good fortune,0.1285383415654955
1590,2012_Obama,come home,0.1285349475788067
1591,1948_Truman,living standard,0.12852001041175126
1592,1948_Truman,high cost,0.12852001041175126
1593,1842_Tyler,treasury note,0.12837440055850638
1594,1991_Bush,family community,0.12830635165267124
1595,1803_Jefferson,ensuing year,0.12828228444795292
1596,1964_Johnson,free enterprise,0.1282375229950279
1597,1957_Eisenhower,security peace,0.1282239474512519
1598,1902_Roosevelt,business interest,0.12814986973748357
1599,1842_Tyler,benefit would,0.1281350282150862
1600,1834_Jackson,upon subject,0.12810791695863025
1601,1922_Harding,state federal,0.12810225888665458
1602,2017_Trump,every american,0.12808500587383084
1603,1860_Buchanan,state shall,0.12807547770359404
1604,1826_Adams,increase navy,0.12806096581006376
1605,1872_Grant,therefore recommend,0.12800856800099905
1606,1967_Johnson,head start,0.12799335245434698
1607,1892_Harrison,ending june,0.12796903696624598
1608,1932_Hoover,session congress,0.1279664056323078
1609,1828_Adams,upon interest,0.1279517784887291
1610,1986_Reagan,let u,0.12794247500849146
1611,1862_Lincoln,state bond,0.1279373958977799
1612,1951_Truman,freedom people,0.12791584081208762
1613,1809_Madison,part united state,0.12785095742428856
1614,1863_Lincoln,become citizen,0.12783842375159324
1615,1918_Wilson,business interest,0.12773969514053354
1616,1993_Clinton,national service,0.12772432359575583
1617,1827_Adams,improvement navy,0.12768357655821624
1618,1958_Eisenhower,peace must,0.12765492194199557
1619,1974_Nixon,health care system,0.12763536338881176
1620,1974_Nixon,care system,0.12763536338881176
1621,1924_Coolidge,wage earner,0.12759464295654324
1622,1882_Arthur,railway company,0.12758648282732218
1623,1882_Arthur,attention congress subject,0.12758648282732218
1624,1937_Roosevelt,child labor,0.12754408597014213
1625,1917_Wilson,nation people,0.1275363761829107
1626,1917_Wilson,free men,0.1275363761829107
1627,1799_Adams,article treaty,0.12749426150123924
1628,1896_Cleveland,pacific railroad,0.127484732526478
1629,1837_Buren,general government,0.12747103420328001
1630,1960_Eisenhower,free society,0.1273675964557757
1631,1864_Lincoln,1st day july,0.12733410146953233
1632,1832_Jackson,shall found,0.1273145745678309
1633,1881_Arthur,total ordinary,0.12727947519953609
1634,1923_Coolidge,public welfare,0.1271926715972008
1635,1977_Ford,vice president,0.12716096971552265
1636,2004_Bush,weapon mass destruction,0.12715281053297436
1637,1798_Adams,treaty peace,0.1271298708850345
1638,1836_Jackson,public land,0.12710676605695753
1639,1894_Cleveland,cent per,0.12703375870258862
1640,1822_Monroe,whatever may,0.1270228417632252
1641,1931_Hoover,local government,0.12699623579537148
1642,1940_Roosevelt,asking congress,0.12698695242022448
1643,1809_Madison,part united,0.12693897191810513
1644,1840_Buren,national debt,0.12693181341947818
1645,1888_Cleveland,year ending june,0.12688518979862548
1646,1959_Eisenhower,free men,0.12688496432094942
1647,1996_Clinton,medicare medicaid,0.12688393159596642
1648,1996_Clinton,give american,0.12688393159596642
1649,1995_Clinton,health care,0.12680210560609914
1650,1855_Pierce,costa rica,0.12668635755591834
1651,1797_Adams,whatever may,0.12668389304641367
1652,1970_Nixon,balanced budget,0.1266658141311383
1653,1970_Nixon,law enforcement,0.1266658141311383
1654,1841_Tyler,limited amount,0.1266308392853526
1655,1841_Tyler,lawful commerce,0.1266308392853526
1656,1891_Harrison,year ending,0.1265646899710043
1657,1957_Eisenhower,four year,0.1265272729989471
1658,1878_Hayes,colored people,0.12647332900858377
1659,1836_Jackson,bank issue,0.12646310005072242
1660,1844_Tyler,government people,0.12645068743377888
1661,1908_Roosevelt,national guard,0.12639647540190624
1662,1886_Cleveland,pension bureau,0.12638139979853788
1663,1832_Jackson,report secretary,0.1263676768351783
1664,1838_Buren,postmaster general,0.12636451265261708
1665,1876_Grant,cent per annum,0.12631042271822326
1666,1941_Roosevelt,europe asia,0.12630196791328746
1667,1964_Johnson,must help,0.126280774141476
1668,1964_Johnson,house senate,0.126280774141476
1669,1835_Jackson,government people united,0.12608910889980673
1670,1948_Truman,medical care,0.12601981535828133
1671,1899_McKinley,treaty peace,0.12601597095878628
1672,1881_Arthur,sinking fund,0.12600882296772561
1673,1989_Bush,nuclear weapon,0.12600432322911084
1674,1989_Bush,national security,0.12600432322911084
1675,1972_Nixon,health care,0.1259266138139488
1676,1795_Washington,national right,0.125889090197447
1677,1985_Reagan,american history,0.12588423614269656
1678,1985_Reagan,public housing,0.12588423614269656
1679,1957_Eisenhower,shall continue,0.1258813568235147
1680,2003_Bush,mass destruction,0.12587700995061712
1681,1991_Bush,united nation,0.12584540949596626
1682,1875_Grant,mean communication,0.12584447375834074
1683,2015_Obama,get done,0.12577377755789793
1684,2015_Obama,around globe,0.12577377755789793
1685,2009_Obama,tax cut,0.12574955405026153
1686,1948_Truman,use resource,0.12574915233912196
1687,1961_Eisenhower,civil right,0.12574558794227306
1688,1831_Jackson,former message,0.1257320083043514
1689,1831_Jackson,political commercial,0.1257320083043514
1690,1972_Nixon,election year,0.12566966352246783
1691,1972_Nixon,program federal,0.12566966352246783
1692,1967_Johnson,year alone,0.12566623538977106
1693,1952_Truman,year ahead,0.12562651566774324
1694,1942_Roosevelt,war nation,0.12559967208143413
1695,1834_Jackson,january 1st,0.12557103985733986
1696,1927_Coolidge,parcel post,0.12552268932489521
1697,1926_Coolidge,chinese government,0.12552018685785155
1698,2011_Obama,tonight let,0.12545518324701832
1699,2011_Obama,business owner,0.12545518324701832
1700,1992_Bush,low income,0.1254140087576013
1701,1976_Ford,cost living,0.12539166380994635
1702,1842_Tyler,state individual,0.12537247025871143
1703,1821_Monroe,favored nation,0.12531599844495842
1704,1864_Lincoln,national authority,0.12531266062435234
1705,1976_Ford,right direction,0.12530726658465505
1706,1936_Roosevelt,able say,0.12530216461585691
1707,1908_Roosevelt,parcel post,0.1252721632445621
1708,1908_Roosevelt,postal saving,0.1252721632445621
1709,1928_Coolidge,building program,0.12523896656418274
1710,1825_Adams,first january,0.12519948543874077
1711,2008_Bush,tax relief,0.12518674600845064
1712,1851_Fillmore,state texas,0.12517365705565542
1713,1995_Clinton,bill right,0.1251626351203441
1714,2014_Obama,health insurance,0.12515539341224716
1715,1797_Adams,great number,0.1251383657165975
1716,1833_Jackson,last session congress,0.12512687119625793
1717,1903_Roosevelt,forest reserve,0.12510163605386668
1718,1833_Jackson,bank united,0.1250815347057329
1719,1833_Jackson,bank united state,0.1250815347057329
1720,1826_Adams,present year,0.1250443017228279
1721,2013_Obama,health care,0.12502990255374855
1722,1965_Johnson,business labor,0.12502066440442733
1723,1965_Johnson,hundred year,0.12502066440442733
1724,1934_Roosevelt,national government,0.1250112941407945
1725,1882_Arthur,boundary dispute,0.12500029769757134
1726,1882_Arthur,consul general,0.12500029769757134
1727,1882_Arthur,pacific railway,0.12500029769757134
1728,1828_Adams,improvement navy,0.12499978070263047
1729,1910_Taft,consular service,0.12499294351981274
1730,1888_Cleveland,ending june,0.12488822647602885
1731,1998_Clinton,let u,0.12488555289425941
1732,1915_Wilson,last congress,0.12485283230005945
1733,1832_Jackson,internal improvement,0.12483782975160099
1734,1836_Jackson,state bank,0.12481362965857758
1735,1940_Roosevelt,united state america,0.12462480905628534
1736,1941_Roosevelt,west indie,0.12462237374172486
1737,1832_Jackson,citizen would,0.12456970537917746
1738,1981_Carter,federal government,0.12452834494430542
1739,1943_Roosevelt,war production,0.12449992760738643
1740,1814_Madison,order council,0.1244732548117229
1741,1982_Reagan,federal government,0.12443986516592392
1742,1920_Wilson,interstate commerce,0.12441890374405273
1743,2004_Bush,mass destruction,0.12441142893493351
1744,1887_Cleveland,upon every,0.12436537874974266
1745,1990_Bush,god bless,0.12433775286233187
1746,1980_Carter,human right,0.12432670761498145
1747,1823_Monroe,proposal made,0.12421102518037014
1748,1894_Cleveland,battle ship,0.12419146707104951
1749,1902_Roosevelt,every effort,0.12408850056232217
1750,1828_Adams,report secretary,0.12407009916906549
1751,1992_Bush,tax credit,0.12402746649045022
1752,1816_Madison,two country,0.1239852451141521
1753,1822_Monroe,late war,0.12398200882540698
1754,1813_Madison,state war,0.12397601228201993
1755,1830_Jackson,state government,0.12394550881726983
1756,1918_Wilson,business men,0.12394139149655363
1757,2013_Obama,new job,0.12393867160649001
1758,2000_Clinton,great goal,0.12393116104266517
1759,1817_Monroe,within limit,0.12391982099549792
1760,1956_Eisenhower,provide adequate,0.12391955115215801
1761,1911_Taft,foreign service,0.12387019362842212
1762,1846_Polk,annexation texas,0.12385570104055336
1763,1846_Polk,revenue duty,0.12385570104055336
1764,1833_Jackson,french minister,0.12384834775980019
1765,1820_Monroe,best adapted,0.123828337822065
1766,1820_Monroe,vast amount,0.123828337822065
1767,1937_Roosevelt,executive branch government,0.12375159870942411
1768,1826_Adams,act congress,0.12373572439078469
1769,1997_Clinton,balanced budget,0.12371757241809846
1770,1945_Roosevelt,war europe,0.12365300259830704
1771,1815_Madison,issue treasury note,0.12360018676485349
1772,1815_Madison,issue treasury,0.12360018676485349
1773,1831_Jackson,beyond limit,0.12355399630923175
1774,2014_Obama,al qaeda,0.12354092035184902
1775,1982_Reagan,nearly half,0.12341700346972978
1776,1843_Tyler,par value,0.12333251423209136
1777,1942_Roosevelt,proper time,0.12331607582740134
1778,1942_Roosevelt,every one u,0.12331607582740134
1779,1942_Roosevelt,past two,0.12331607582740134
1780,1905_Roosevelt,provision made,0.12330200792936383
1781,1830_Jackson,british vessel,0.12328155454141493
1782,1872_Grant,annual message,0.1232512382246797
1783,2016_Obama,make u,0.12325014261819162
1784,2016_Obama,fellow american,0.12325014261819162
1785,1979_Carter,arm control,0.12321734776625325
1786,1948_Truman,within next,0.12320021000094061
1787,1948_Truman,world economic,0.12320021000094061
1788,1932_Hoover,last session congress,0.12314745974190368
1789,1857_Buchanan,present fiscal year,0.12311611786439004
1790,1893_Cleveland,1st day,0.12311445312733686
1791,1965_Johnson,every american,0.12310727215261678
1792,2009_Obama,democrat republican,0.1230954752208173
1793,2015_Obama,student loan,0.12306212755293094
1794,1983_Reagan,international trade,0.12304640048111823
1795,1955_Eisenhower,public work,0.12302012331140272
1796,1941_Roosevelt,whole world,0.12301427372076724
1797,1795_Washington,representative state,0.12298468105248488
1798,1795_Washington,service ensuing year,0.12298468105248488
1799,1795_Washington,gentleman senate,0.12298468105248488
1800,1953_Truman,collective security,0.12298096637880807
1801,1972_Nixon,use influence,0.12296025818908639
1802,1972_Nixon,make decision,0.12296025818908639
1803,1889_Harrison,silver certificate,0.12290781589881536
1804,1974_Nixon,let u,0.1228978520002199
1805,1934_Roosevelt,natural resource,0.12288472214006983
1806,1900_McKinley,per cent,0.12285545051537781
1807,1864_Lincoln,balance treasury,0.12284027238995401
1808,1899_McKinley,annual message,0.12283201625788827
1809,1842_Tyler,public creditor,0.12283116328732924
1810,1832_Jackson,public land,0.1227197134509689
1811,1972_Nixon,national interest,0.12270411015225537
1812,1849_Taylor,california oregon,0.12266490566215767
1813,1817_Monroe,amount million,0.12265363097676173
1814,1851_Fillmore,value export,0.12263638003899842
1815,1859_Buchanan,constitutional government,0.12257557913806036
1816,1866_Johnson,ending 30th june,0.12245218940206191
1817,1921_Harding,american merchant marine,0.12244985010652013
1818,1921_Harding,fundamental law,0.12244985010652013
1819,1894_Cleveland,year ending june,0.1223963763811261
1820,1984_Reagan,spending cut,0.12233614680531871
1821,1862_Lincoln,u would,0.12229107003222421
1822,1910_Taft,secretary state,0.12223377009598088
1823,1873_Grant,citizen united state,0.12222863372022219
1824,1873_Grant,citizen united,0.12222863372022219
1825,1858_Buchanan,captain general,0.12222314510644518
1826,1903_Roosevelt,general staff,0.12221539440072028
1827,1918_Wilson,country must,0.12218247965753999
1828,1918_Wilson,obligation government,0.12218247965753999
1829,1969_Johnson,achieve goal,0.12218022170935296
1830,1927_Coolidge,rate interest,0.12206013590917586
1831,1832_Jackson,power general government,0.12204467049671981
1832,2000_Clinton,must make,0.1220417691448856
1833,1940_Roosevelt,social economic,0.12202973784038873
1834,1940_Roosevelt,war nation,0.12202973784038873
1835,1990_Bush,arm control,0.12200327466952354
1836,1852_Fillmore,captain general,0.1219750318093244
1837,1845_Polk,public land,0.12197334732617762
1838,1988_Reagan,young people,0.12194459639958867
1839,1857_Buchanan,present fiscal,0.12186480271454181
1840,1878_Hayes,among indian,0.12179524587091183
1841,1920_Wilson,medical care,0.12177100700770604
1842,1856_Pierce,southern state,0.12175307965502302
1843,2017_Trump,homeland security,0.12174127659224608
1844,2017_Trump,task force,0.12174127659224608
1845,2018_Trump,tax bill,0.12172455911149964
1846,1897_McKinley,expense government,0.12162539681472614
1847,1824_Monroe,submitted consideration,0.12162257049773015
1848,1814_Madison,national existence,0.12160151065175358
1849,1814_Madison,nine month,0.12160151065175358
1850,1814_Madison,return peace,0.12160151065175358
1851,1814_Madison,expense incident,0.12160151065175358
1852,1864_Lincoln,state bank,0.12158652416408722
1853,1994_Clinton,better job,0.12155339579121009
1854,2007_Bush,u work,0.12149058403027284
1855,1983_Reagan,economic growth,0.12147654338543684
1856,1915_Wilson,common cause,0.12144914548057414
1857,1915_Wilson,two hundred,0.12144914548057414
1858,1947_Truman,collective security,0.12140484874525782
1859,1916_Wilson,organic law,0.121359395268944
1860,1907_Roosevelt,business community,0.12130925364670016
1861,1907_Roosevelt,wage worker,0.12130925364670016
1862,1845_Polk,domestic industry,0.12130240989971752
1863,1932_Hoover,federal government,0.12129637254242671
1864,1895_Cleveland,treasury note issued,0.12127130128772826
1865,1881_Arthur,health people,0.12125061261879098
1866,1881_Arthur,relation amity,0.12125061261879098
1867,1989_Bush,around globe,0.12124628279449126
1868,1868_Johnson,depreciated paper,0.12119172688451717
1869,1942_Roosevelt,stand ready,0.12117991419310195
1870,1955_Eisenhower,water resource,0.12117986235169742
1871,2013_Obama,high tech,0.12115831238608908
1872,1986_Reagan,american dream,0.12115420933302222
1873,1986_Reagan,tax reform,0.12115420933302222
1874,1820_Monroe,progress made,0.12109487264223459
1875,1936_Roosevelt,new tax,0.12109266534328572
1876,1950_Truman,economic system,0.12107413594329322
1877,1885_Cleveland,civil service,0.12103183229882213
1878,1890_Harrison,reciprocal trade,0.1209397067586239
1879,1883_Arthur,spanish government,0.12091090852066477
1880,1909_Taft,pan american,0.12090525953640134
1881,1866_Johnson,june last,0.12089743509410396
1882,2014_Obama,student loan,0.12087741016880228
1883,2014_Obama,congress help,0.12087741016880228
1884,1869_Grant,citizen united,0.12084513250230881
1885,1869_Grant,citizen united state,0.12084513250230881
1886,1948_Truman,great river,0.1208402580039414
1887,1935_Roosevelt,cannot afford,0.1208245041943945
1888,1899_McKinley,cuba puerto,0.12081951888010477
1889,1899_McKinley,cuba puerto rico,0.12081951888010477
1890,1919_Wilson,tariff legislation,0.12081208406624193
1891,1919_Wilson,corporation engaged,0.12081208406624193
1892,1943_Roosevelt,sailor marine,0.12079552794580062
1893,1815_Madison,execution act,0.12074858530998692
1894,1806_Jefferson,new orleans,0.12069654069524066
1895,1812_Madison,military establishment,0.12067480494335982
1896,1905_Roosevelt,national park,0.12063987796903505
1897,1970_Nixon,third century,0.12053501989558053
1898,1970_Nixon,spending program,0.12053501989558053
1899,1951_Truman,let u,0.12051245042384803
1900,1920_Wilson,present fiscal year,0.12050850248917228
1901,1865_Johnson,state shall,0.12048308307977075
1902,1894_Cleveland,ending june,0.12047005956795229
1903,1808_Jefferson,relation united,0.12044664166594252
1904,1808_Jefferson,relation united state,0.12044664166594252
1905,1974_Nixon,welfare system,0.12042281843334936
1906,1818_Monroe,made united,0.1203943426770434
1907,1818_Monroe,minister plenipotentiary united,0.1203943426770434
1908,1818_Monroe,major general,0.1203943426770434
1909,1795_Washington,gentleman house,0.12033316324438441
1910,1795_Washington,gentleman house representative,0.12033316324438441
1911,1795_Washington,commerce manufacture,0.12033316324438441
1912,1884_Arthur,neutrality law,0.12029540189711802
1913,1951_Truman,defend freedom,0.12027219074291653
1914,1856_Pierce,north south,0.12026770761939114
1915,1805_Jefferson,30th day,0.12019891849771604
1916,1805_Jefferson,found necessary,0.12019891849771604
1917,1912_Taft,american interest,0.1201891301379193
1918,1979_Carter,nuclear force,0.12015296651151668
1919,1834_Jackson,light house,0.12010817002550653
1920,1834_Jackson,navigable river,0.12010811244302284
1921,1885_Cleveland,last fiscal year,0.12005795145335615
1922,1885_Cleveland,last fiscal,0.12005795145335615
1923,1894_Cleveland,experiment station,0.12005270343123052
1924,1855_Pierce,domestic institution,0.11999225837646224
1925,1941_Roosevelt,nation great,0.11998988824065653
1926,1830_Jackson,general interest,0.11997252918583137
1927,1901_Roosevelt,business world,0.11994409234529409
1928,1901_Roosevelt,battle ship,0.11994409234529409
1929,1816_Madison,treasury note,0.11993726188313587
1930,1980_Carter,energy conservation,0.11993158692079597
1931,2008_Bush,congress must,0.1199269801025781
1932,2011_Obama,south korea,0.11991840612907827
1933,1877_Hayes,specie payment,0.11987413180496607
1934,1906_Roosevelt,red cross,0.11986941428937607
1935,1822_Monroe,progress made,0.11984254222900412
1936,1828_Adams,navigation united state,0.11982569238282209
1937,1828_Adams,navigation united,0.11982569238282209
1938,1888_Cleveland,day november,0.11981874925995525
1939,1862_Lincoln,colored people,0.11981222321545995
1940,1862_Lincoln,three fourth,0.11981222321545995
1941,1940_Roosevelt,state america,0.1197481992507257
1942,1946_Truman,estimated billion,0.11965035685048192
1943,1796_Washington,boundary line,0.11964014567356984
1944,1796_Washington,commissioner appointed,0.11964014567356984
1945,1991_Bush,let say,0.11959362662568616
1946,1928_Coolidge,federal government,0.11955518814761262
1947,1983_Reagan,federal spending,0.11951704810784705
1948,1883_Arthur,circulation deposit,0.11949644058556702
1949,1883_Arthur,citizen mexico,0.11949644058556702
1950,1916_Wilson,shall make,0.11943280344702199
1951,1968_Johnson,expenditure billion,0.1193702010414003
1952,1987_Reagan,took office,0.1193473657721608
1953,1886_Cleveland,ended june,0.11933316814958901
1954,1886_Cleveland,year ended june,0.11933316814958901
1955,1970_Nixon,cost living,0.1193316986860805
1956,1928_Coolidge,expenditure made,0.11930675700732923
1957,1928_Coolidge,economic life,0.11930675700732923
1958,1867_Johnson,legal tender,0.11929392844132977
1959,1920_Wilson,present fiscal,0.11928369035680533
1960,1826_Adams,last session congress,0.11924514894585367
1961,1986_Reagan,next decade,0.11923087485714454
1962,1890_Harrison,preceding year,0.11919161772509736
1963,1976_Ford,trust fund,0.11917516018004011
1964,1942_Roosevelt,air force,0.11917329878054664
1965,2005_Bush,tax code,0.11914110450622868
1966,1954_Eisenhower,western europe,0.1191397047989664
1967,1939_Roosevelt,capital labor,0.11900055612182887
1968,1978_Carter,tax cut,0.11899421003135777
1969,1860_Buchanan,territorial legislature,0.11898087155112903
1970,1814_Madison,day june last,0.11897981363855041
1971,1814_Madison,disbursement public,0.11897981363855041
1972,1814_Madison,result negotiation,0.11897981363855041
1973,1814_Madison,world best,0.11897981363855041
1974,1990_Bush,congress american,0.11896908707588214
1975,1925_Coolidge,army navy,0.11894101949883393
1976,1992_Bush,every one,0.11890840911940678
1977,1918_Wilson,thank god,0.1189028977904549
1978,1792_Washington,present session,0.11889486064491502
1979,1871_Grant,act congress approved,0.11881136820904449
1980,2000_Clinton,prescription drug,0.11880130586046603
1981,2000_Clinton,new century,0.11880130586046603
1982,2000_Clinton,american community,0.11880130586046603
1983,1985_Reagan,inner city,0.11877064561216785
1984,2009_Obama,financial system,0.11876383813443651
1985,1955_Eisenhower,shall propose,0.11872353977665344
1986,1948_Truman,cost living,0.118723104082691
1987,2018_Trump,new american,0.11869730309646218
1988,1863_Lincoln,leaving balance,0.1186840319565592
1989,1975_Ford,tax credit,0.11868157516411874
1990,1865_Johnson,form government,0.11866750551372
1991,1816_Madison,relation two,0.11864041451753429
1992,1813_Madison,free government,0.11863840267401572
1993,1881_Arthur,railway company,0.11863648087611799
1994,1881_Arthur,friendly spirit,0.11863648087611799
1995,1989_Bush,american must,0.11863224440170654
1996,1850_Fillmore,new mexico,0.11862647695149067
1997,1890_Harrison,year show,0.11862305565486901
1998,1841_Tyler,medium exchange,0.11858864467227272
1999,1841_Tyler,distant day,0.11858864467227272
2000,1823_Monroe,important subject,0.1185852256467746
2001,1863_Lincoln,report secretary,0.11852410705853099
2002,1877_Hayes,resumption specie payment,0.11851963506147684
2003,1877_Hayes,resumption specie,0.11851963506147684
2004,1922_Harding,transportation service,0.11850724050140911
2005,1847_Polk,tea coffee,0.11846888877968147
2006,1909_Taft,commerce labor,0.1184545031757538
2007,2014_Obama,help american,0.11842721831639075
2008,1977_Ford,international affair,0.1184077510132284
2009,1929_Hoover,post office,0.11836043749356655
2010,1852_Fillmore,california oregon,0.11834575848170223
2011,1974_Nixon,toward goal,0.11833677569394555
2012,1842_Tyler,every proper,0.1182877990993265
2013,1965_Johnson,would like,0.11817517423608252
2014,1969_Johnson,fiscal year,0.11815661531244068
2015,1809_Madison,minister paris,0.11813567907166843
2016,1902_Roosevelt,interstate business,0.11810866171219594
2017,1920_Wilson,first step,0.11809438507170592
2018,1864_Lincoln,report secretary,0.11805652973399247
2019,1931_Hoover,public health,0.11803585655763715
2020,1957_Eisenhower,past four year,0.11803317503218744
2021,1919_Wilson,changed condition,0.11802480741475778
2022,1919_Wilson,economic life,0.11802480741475778
2023,1963_Kennedy,tax rate,0.11798373947280727
2024,1818_Monroe,relation existing,0.1179539426296583
2025,1922_Harding,federal government,0.1179308989233531
2026,1940_Roosevelt,national defense,0.11792770545529772
2027,1795_Washington,service ensuing,0.1178940033075148
2028,1795_Washington,love country,0.1178940033075148
2029,1795_Washington,treaty made,0.1178940033075148
2030,1795_Washington,public authority,0.1178940033075148
2031,1795_Washington,consideration question,0.1178940033075148
2032,1795_Washington,power vested,0.1178940033075148
2033,2013_Obama,get ahead,0.1178809870156202
2034,2013_Obama,high quality,0.1178809870156202
2035,1925_Coolidge,public purpose,0.11787724264292214
2036,1925_Coolidge,war debt,0.11787724264292214
2037,1983_Reagan,free trade,0.11787656195805896
2038,1987_Reagan,mr speaker,0.1177396521190462
2039,1878_Hayes,act approved,0.11770356077937309
2040,1984_Reagan,god bless,0.11769516700573528
2041,1826_Adams,upon term,0.11766378757752534
2042,1916_Wilson,act upon,0.11761040392024301
2043,2017_Trump,men woman,0.11759487096292652
2044,1944_Roosevelt,war production,0.11754935790555215
2045,1970_Nixon,organized crime,0.11753734739082891
2046,1828_Adams,post master,0.11753038069440455
2047,1922_Harding,nation must,0.11750787161919304
2048,1990_Bush,around world,0.11750291567533835
2049,1833_Jackson,first installment,0.11750149886352525
2050,1830_Jackson,appropriation object,0.11744206196096839
2051,1793_Washington,first installment,0.11742382334451372
2052,1989_Bush,give u,0.1173946607691117
2053,1860_Buchanan,year ending,0.11738947122735338
2054,1991_Bush,economic growth,0.1173690099535068
2055,1954_Eisenhower,growing economy,0.11732177760158187
2056,1869_Grant,report secretary,0.11725251935426155
2057,1956_Eisenhower,united nation,0.11720313142639481
2058,1941_Roosevelt,respect right,0.11718974464910896
2059,1949_Truman,million family,0.117178900052073
2060,1896_Cleveland,fine ounce,0.1171713626172548
2061,1991_Bush,world american,0.1171694571373641
2062,1991_Bush,world order,0.1171694571373641
2063,1891_Harrison,ocean mail,0.11714582649097861
2064,1930_Hoover,authorized congress,0.11713862660379115
2065,1876_Grant,naturalized citizen,0.1171083605997244
2066,1975_Ford,energy conservation,0.11709068545002596
2067,1869_Grant,special attention,0.11707209499421932
2068,1867_Johnson,civil war,0.11706354012723384
2069,1880_Hayes,commercial relation,0.1169491290639844
2070,1998_Clinton,social security,0.11692628602019924
2071,1939_Roosevelt,employer employee,0.11683694200019776
2072,1939_Roosevelt,bill right,0.11683694200019776
2073,1824_Monroe,every part,0.1168297303160061
2074,1954_Eisenhower,special message,0.11678910747761792
2075,1807_Jefferson,measure taken,0.1167681823097181
2076,1943_Roosevelt,men woman,0.1166813337210376
2077,1857_Buchanan,fiscal year,0.11660484059321752
2078,1976_Ford,federal government,0.1165898573329535
2079,1936_Roosevelt,federal government,0.11658511029927777
2080,1814_Madison,ever ready,0.11656808617374526
2081,1885_Cleveland,insisted upon,0.11656791277212195
2082,1849_Taylor,charge affaire,0.11649757950933595
2083,1990_Bush,health care,0.11646196843459339
2084,1935_Roosevelt,representative government,0.1164533348587684
2085,1961_Eisenhower,collective security,0.11638035211308682
2086,1961_Eisenhower,federal grant,0.11638035211308682
2087,2004_Bush,small business,0.11636894530656132
2088,1893_Cleveland,internal revenue,0.11634686063736502
2089,1927_Coolidge,tariff rate,0.11634248857633381
2090,1927_Coolidge,new construction,0.11634248857633381
2091,1995_Clinton,two year,0.11627620191902022
2092,1883_Arthur,three quarter year,0.11626406875156671
2093,1865_Johnson,constitution united state,0.11626388514960281
2094,1865_Johnson,constitution united,0.11626388514960281
2095,1881_Arthur,pacific railway,0.11623171278557476
2096,1989_Bush,within day,0.11622756218473615
2097,1864_Lincoln,last annual message,0.11616086751741028
2098,1953_Truman,seven year,0.11614090162486847
2099,1908_Roosevelt,industrial condition,0.11611028491820645
2100,1872_Grant,agent united,0.11604286160524324
2101,1831_Jackson,citizen government,0.1160234653514497
2102,1961_Eisenhower,free world,0.11602247847183576
2103,1926_Coolidge,cooperative marketing,0.11600513461139425
2104,2018_Trump,less year,0.11595881692538094
2105,2012_Obama,tax code,0.11591942852338741
2106,2012_Obama,million job,0.11591942852338741
2107,1918_Wilson,legislative executive,0.1158969456356395
2108,1882_Arthur,thus far,0.11586409218062094
2109,1850_Fillmore,duty upon,0.11585815060254562
2110,1954_Eisenhower,economic growth,0.11582495669235048
2111,1920_Wilson,would also,0.1158144563575285
2112,1952_Truman,let u,0.11578054599519863
2113,1928_Coolidge,river harbor,0.11577290209217368
2114,1928_Coolidge,public building,0.11577290209217368
2115,1815_Madison,public defense,0.11575046578230488
2116,1827_Adams,session congress,0.11570171445152458
2117,1826_Adams,session congress,0.11565063209228786
2118,1932_Hoover,past four year,0.11564271497057989
2119,1932_Hoover,effort toward,0.11564271497057989
2120,1874_Grant,southern state,0.11562955290958357
2121,1936_Roosevelt,mass people,0.11562681254226319
2122,1863_Lincoln,within state,0.11559463589207071
2123,1820_Monroe,act last session,0.1155377696709101
2124,2017_Trump,immigration system,0.11550240864651318
2125,2017_Trump,new american,0.11550240864651318
2126,2017_Trump,lower cost,0.11550240864651318
2127,1832_Jackson,power general,0.11549445931227538
2128,1942_Roosevelt,one u,0.11549183954836836
2129,1925_Coolidge,colorado river,0.1154878643537522
2130,1925_Coolidge,way mean,0.1154878643537522
2131,1925_Coolidge,government business,0.1154878643537522
2132,1984_Reagan,loved one,0.11548540533280206
2133,1846_Polk,cause complaint,0.11546680241102943
2134,1977_Ford,national energy,0.1154629830954123
2135,1974_Nixon,first time,0.11545914047757735
2136,1994_Clinton,health insurance,0.11544552678008527
2137,1958_Eisenhower,cannot afford,0.11542870905846708
2138,1811_Madison,government great,0.1153941741228423
2139,1816_Madison,consideration congress,0.11539308371878489
2140,1870_Grant,st lawrence,0.11538847656504732
2141,1848_Polk,internal improvement,0.11533025769524345
2142,1884_Arthur,shipping interest,0.11531604089037159
2143,1847_Polk,part mexico,0.11528859726474136
2144,1923_Coolidge,nation must,0.1152869176546837
2145,1967_Johnson,local government,0.11524449220717319
2146,1971_Nixon,revenue sharing,0.11522837083272476
2147,2007_Bush,ask congress,0.11519827906198846
2148,1965_Johnson,better life,0.11518761946456918
2149,1900_McKinley,municipal government,0.11518364059814
2150,2018_Trump,new job,0.1151817819488505
2151,1866_Johnson,state state,0.11514899272816038
2152,1921_Harding,social economic,0.11513282197853673
2153,1921_Harding,would involve,0.11513282197853673
2154,1921_Harding,capital labor,0.11513282197853673
2155,1935_Roosevelt,national policy,0.11510365720678072
2156,1883_Arthur,sinking fund,0.11510338515975473
2157,1880_Hayes,two government,0.11509781312180065
2158,1867_Johnson,bank note,0.11509606492368576
2159,1906_Roosevelt,american nation,0.11507469288712568
2160,1981_Carter,administration congress,0.11501793317154649
2161,2013_Obama,must part,0.1149493195722844
2162,1809_Madison,british vessel,0.11494011575822959
2163,1991_Bush,two century,0.11492502675565838
2164,2010_Obama,create job,0.11491832842851837
2165,1830_Jackson,intercourse two country,0.11491004158213232
2166,1979_Carter,strong economy,0.11485019480918134
2167,1979_Carter,build new,0.11485019480918134
2168,1826_Adams,first january,0.11483410778784794
2169,1970_Nixon,freedom world,0.1148256227600361
2170,1985_Reagan,greater freedom,0.1147805713158459
2171,1996_Clinton,health care,0.11477316862918172
2172,1910_Taft,civil service,0.1147431433132227
2173,1969_Johnson,executive legislative,0.11473342136702999
2174,1938_Roosevelt,national government,0.11472157523621397
2175,1793_Washington,secure peace,0.11471471784678298
2176,1793_Washington,territory would,0.11471471784678298
2177,1793_Washington,service ensuing year,0.11471471784678298
2178,1793_Washington,gentleman senate,0.11471471784678298
2179,1822_Monroe,bearing date,0.1146956022900467
2180,1949_Truman,public housing,0.11465255337570035
2181,1987_Reagan,21st century,0.11464518767728125
2182,2009_Obama,ask congress,0.11459789790059095
2183,1887_Cleveland,public treasury,0.11458387291601273
2184,1941_Roosevelt,international law,0.11458287333226982
2185,1941_Roosevelt,free nation,0.11458287333226982
2186,1957_Eisenhower,middle east,0.11453732371863072
2187,1994_Clinton,let u,0.11451824489554799
2188,1968_Johnson,law enforcement,0.11448469098423336
2189,1918_Wilson,raw material,0.11448301768777897
2190,1993_Clinton,income tax,0.11444664437324083
2191,1819_Monroe,ratification treaty,0.11442024260690947
2192,1831_Jackson,circuit court,0.11437692060682557
2193,1984_Reagan,soviet union,0.1143324952677848
2194,1825_Adams,improvement condition,0.11433226456664797
2195,1907_Roosevelt,enlisted men,0.11430340952726897
2196,1861_Lincoln,foreign nation,0.11426483023157208
2197,1899_McKinley,ten year,0.11422447359029812
2198,1851_Fillmore,30th june,0.11410645715965322
2199,1820_Monroe,made government,0.11408907098619636
2200,1944_Roosevelt,sailor marine,0.11405176710358673
2201,1915_Wilson,take care,0.11404690373075141
2202,1915_Wilson,five million,0.11404690373075141
2203,1858_Buchanan,costa rica,0.11403449856651506
2204,1835_Jackson,public money,0.11400702725662196
2205,1881_Arthur,isthmus panama,0.11400524529253347
2206,1989_Bush,america best,0.11400117419820494
2207,1821_Monroe,carrying effect,0.11399848135892719
2208,1976_Ford,federal spending,0.11399053808890282
2209,1936_Roosevelt,human race,0.11398589688824093
2210,1886_Cleveland,report commissioner,0.11395574652922935
2211,1940_Roosevelt,man woman,0.11394790810474782
2212,1956_Eisenhower,detailed recommendation,0.11392530425685038
2213,2012_Obama,community college,0.1139113964463032
2214,1995_Clinton,record number,0.1138589139702582
2215,1816_Madison,policy united state,0.11384055608149596
2216,1893_Cleveland,money order,0.11382519032399545
2217,1893_Cleveland,total number,0.11382519032399545
2218,1910_Taft,diplomatic service,0.11381971879667353
2219,1910_Taft,building program,0.11381971879667353
2220,1910_Taft,department bureau,0.11381971879667353
2221,1935_Roosevelt,make possible,0.11380134656203583
2222,1942_Roosevelt,national income,0.1137940819047752
2223,1975_Ford,congress act,0.1137831618582426
2224,2007_Bush,house senate,0.11378217270796459
2225,1996_Clinton,make sure,0.11377145599112502
2226,1879_Hayes,message december,0.11372942732162702
2227,1990_Bush,let say,0.11371856412405648
2228,1817_Monroe,worthy attention,0.11368326107023263
2229,1998_Clinton,five year,0.1136405472795428
2230,1898_McKinley,costa rica,0.11363381056193797
2231,1908_Roosevelt,wage worker,0.1136069773068068
2232,1818_Monroe,tribe within,0.1135909804591893
2233,1818_Monroe,plenipotentiary united state,0.1135909804591893
2234,1818_Monroe,plenipotentiary united,0.1135909804591893
2235,1806_Jefferson,pacific ocean,0.11357760323977392
2236,1959_Eisenhower,growth federal,0.11356873799122304
2237,1864_Lincoln,last annual,0.1135645724129325
2238,1981_Carter,health care,0.11355031738591456
2239,1802_Jefferson,law faithfully,0.11354006290571893
2240,1866_Johnson,department government,0.11345620080841344
2241,1963_Kennedy,european ally,0.11344939646441408
2242,1879_Hayes,annual message,0.11343932610166696
2243,1837_Buren,mexican government,0.11340783763835366
2244,1826_Adams,vessel united,0.1134069661355354
2245,1826_Adams,vessel united state,0.1134069661355354
2246,1862_Lincoln,length time,0.11338182882507032
2247,1913_Wilson,resource country,0.11337552983803716
2248,1983_Reagan,private sector,0.11336863407840048
2249,1860_Buchanan,south carolina,0.11334508995166456
2250,1860_Buchanan,constitutional government,0.11334508995166456
2251,1952_Truman,one thing,0.11333158810097232
2252,2006_Bush,one another,0.1133144842698399
2253,1861_Lincoln,new state,0.11330839534184899
2254,1992_Bush,nation earth,0.11329700950269114
2255,1945_Roosevelt,war must,0.11325191144937884
2256,1945_Roosevelt,year war,0.11325191144937884
2257,1841_Tyler,nation earth,0.11321749552574402
2258,1819_Monroe,part united state,0.11319353698675096
2259,1867_Johnson,payment debt,0.11319019183128279
2260,2016_Obama,year record,0.11315738390380994
2261,1919_Wilson,calendar year,0.1131394326240204
2262,1854_Pierce,navigation river,0.11313617236262319
2263,1858_Buchanan,american citizen,0.11313267629499162
2264,1918_Wilson,people world,0.11312245842696637
2265,1923_Coolidge,cooperative marketing,0.11312237157768537
2266,1926_Coolidge,protective tariff,0.11312011909693348
2267,1873_Grant,specie payment,0.11309991502541662
2268,1969_Johnson,nation world,0.1130985943954522
2269,1944_Roosevelt,common sense,0.11308997112789086
2270,1824_Monroe,maritime frontier,0.1130753185592412
2271,1854_Pierce,ship war,0.11307394572513867
2272,1850_Fillmore,ship canal,0.11306967206598054
2273,2017_Trump,health care,0.11306834574035067
2274,1921_Harding,rigid economy,0.1130395292443332
2275,1997_Clinton,must continue,0.1130137671967162
2276,1938_Roosevelt,government help,0.11300545245515731
2277,1938_Roosevelt,attention called,0.11300545245515731
2278,1932_Hoover,economic life,0.11297470173462743
2279,1932_Hoover,federal reserve system,0.11297470173462743
2280,1985_Reagan,join u,0.11295841894336096
2281,1796_Washington,time war,0.11295236758313151
2282,1994_Clinton,fellow american,0.11293471437995202
2283,1962_Kennedy,health insurance,0.112930049225308
2284,1939_Roosevelt,dollar year,0.11291183006085433
2285,1927_Coolidge,public building,0.11289643501315089
2286,1849_Taylor,report secretary,0.11284811813906395
2287,1934_Roosevelt,restraint trade,0.11283162923251898
2288,1957_Eisenhower,enact legislation,0.11282395716042157
2289,1977_Ford,southeast asia,0.11279911648488272
2290,1977_Ford,new direction,0.11279911648488272
2291,1977_Ford,natural gas,0.11279911648488272
2292,1911_Taft,department commerce labor,0.11278940142038853
2293,1863_Lincoln,new mexico,0.1127526670067019
2294,1967_Johnson,cold war,0.1127479760592529
2295,1816_Madison,policy united,0.1127263894152665
2296,1886_Cleveland,year ended,0.11272357558117496
2297,1978_Carter,federal regulation,0.1127210764272412
2298,1860_Buchanan,several state,0.11268302512333771
2299,1829_Jackson,within limit state,0.1126697148982311
2300,1992_Bush,know know,0.11263979876548769
2301,1992_Bush,far important,0.11263979876548769
2302,1992_Bush,get rid,0.11263979876548769
2303,1992_Bush,new american,0.11263979876548769
2304,1920_Wilson,annual report,0.11261583780260116
2305,1957_Eisenhower,natural resource,0.11258892483729724
2306,1957_Eisenhower,national interest,0.11258892483729724
2307,1890_Harrison,steamship line,0.11255364460389203
2308,1979_Carter,must begin,0.112522174948594
2309,1806_Jefferson,united state would,0.11250458666170118
2310,1842_Tyler,system would,0.11249920127723012
2311,1922_Harding,federal regulation,0.11243410701047453
2312,1821_Monroe,port united state,0.11243374283227413
2313,1821_Monroe,port united,0.11243374283227413
2314,1976_Ford,tell u,0.1124259085912516
2315,1919_Wilson,attorney general,0.11240858447237469
2316,1852_Fillmore,charge affaire,0.11239558970751393
2317,1819_Monroe,part united,0.11238610568388656
2318,1949_Truman,farm price,0.11232853971800351
2319,1949_Truman,international cooperation,0.11232853971800351
2320,1852_Fillmore,state become,0.11228090045020721
2321,1852_Fillmore,land grant,0.11228090045020721
2322,1800_Adams,self government,0.11227586539364219
2323,1793_Washington,hoped may,0.11224149829928373
2324,1793_Washington,gentleman house representative,0.11224149829928373
2325,1793_Washington,state individual,0.11224149829928373
2326,1793_Washington,gentleman house,0.11224149829928373
2327,1793_Washington,day june last,0.11224149829928373
2328,1793_Washington,would leave,0.11224149829928373
2329,1889_Harrison,day march,0.11223951021370551
2330,1859_Buchanan,last annual message,0.11222844416746569
2331,1942_Roosevelt,far east,0.11217917541183364
2332,1968_Johnson,urge congress,0.11214620594452036
2333,1980_Carter,nuclear weapon,0.11208524996214513
2334,1980_Carter,world peace,0.11208524996214513
2335,1809_Madison,dependence foreign,0.11208158696717867
2336,1902_Roosevelt,good bad,0.11205595416471682
2337,1952_Truman,public servant,0.11204932707511635
2338,1977_Ford,middle east,0.11204325452324433
2339,1839_Buren,public officer,0.1120349113709911
2340,1973_Nixon,federal government,0.1119994349352516
2341,1858_Buchanan,present fiscal year,0.11199084053530799
2342,1858_Buchanan,spanish government,0.11199084053530799
2343,1826_Adams,act april,0.11197821538561059
2344,1968_Johnson,middle income,0.11197232426608493
2345,1989_Bush,america future,0.11192845657052218
2346,1840_Buren,three million,0.11185983295966039
2347,1946_Truman,united nation,0.11182735640344256
2348,1894_Cleveland,year ending,0.11181401703700497
2349,1811_Madison,interest public,0.11174606206299859
2350,1930_Hoover,tax reduction,0.1117306802841983
2351,1843_Tyler,gold silver,0.11172660162710617
2352,1851_Fillmore,act congress,0.11162795932878528
2353,1818_Monroe,extraordinary minister,0.11162328328076958
2354,1818_Monroe,envoy extraordinary minister,0.11162328328076958
2355,1876_Grant,consular officer,0.11161140096702375
2356,1822_Monroe,first january,0.11159309285537801
2357,1946_Truman,estimated million dollar,0.1115778833233942
2358,1946_Truman,recommended september,0.1115778833233942
2359,1926_Coolidge,national defense,0.11157100125334014
2360,1847_Polk,public land,0.11155870096252962
2361,1874_Grant,act committed,0.11143958857424788
2362,1833_Jackson,french government,0.1113905144922457
2363,1833_Jackson,spanish government,0.1113905144922457
2364,1874_Grant,citizen united,0.111369759503042
2365,1874_Grant,citizen united state,0.111369759503042
2366,1820_Monroe,may last,0.11135786296026834
2367,2008_Bush,must also,0.11133138826812111
2368,1935_Roosevelt,half million,0.11132629326140756
2369,1920_Wilson,public debt,0.1113144752939821
2370,1958_Eisenhower,people world,0.11125274792499126
2371,1967_Johnson,working together,0.11124862615542075
2372,1812_Madison,september last,0.11123349333560491
2373,1817_Monroe,along coast,0.11123227946316551
2374,1817_Monroe,congress provision,0.11123227946316551
2375,1817_Monroe,neither party,0.11123227946316551
2376,1817_Monroe,relation power,0.11123227946316551
2377,1817_Monroe,happy condition,0.11123227946316551
2378,1996_Clinton,one america,0.11121918144611692
2379,1996_Clinton,lower interest,0.11121918144611692
2380,2006_Bush,energy source,0.11118697121473302
2381,1916_Wilson,action upon,0.11117066159791239
2382,2008_Bush,iraqi people,0.1111611433209488
2383,2018_Trump,american way,0.1111589592227523
2384,2012_Obama,first time,0.11114137466704384
2385,1974_Nixon,year ahead,0.11112423073848317
2386,1974_Nixon,made progress,0.11112423073848317
2387,1802_Jefferson,power shall,0.1110921686139178
2388,1802_Jefferson,federal union,0.1110921686139178
2389,1802_Jefferson,part general,0.1110921686139178
2390,1899_McKinley,american republic,0.11108207294571511
2391,1882_Arthur,ordinary expenditure,0.11108167345146351
2392,1960_Eisenhower,world war ii,0.11100234042479812
2393,1960_Eisenhower,war ii,0.11100234042479812
2394,2003_Bush,september 11th,0.11097942897604764
2395,1864_Lincoln,day july,0.11097314915504845
2396,1821_Monroe,30th september last,0.11093857167803127
2397,1845_Polk,march last,0.11092957416399168
2398,1856_Pierce,constitutional right,0.1109239390631678
2399,1924_Coolidge,international law,0.1108920926399013
2400,1915_Wilson,panama canal,0.11088522154018138
2401,1903_Roosevelt,republic colombia,0.1108686962499125
2402,1858_Buchanan,present fiscal,0.11085259935424326
2403,1927_Coolidge,five year,0.11082163232779721
2404,1995_Clinton,go back,0.11080280363251727
2405,1880_Hayes,necessary appropriation,0.11080167157347715
2406,2016_Obama,health care,0.11077273934144764
2407,1890_Harrison,water supply,0.11076684490255186
2408,1883_Arthur,improvement navy,0.11075697428497946
2409,1883_Arthur,award made,0.11075697428497946
2410,1938_Roosevelt,collective bargaining,0.11071482562507348
2411,1938_Roosevelt,overwhelming majority,0.11071482562507348
2412,1824_Monroe,every power,0.1106374440349457
2413,1824_Monroe,information respecting,0.1106374440349457
2414,1911_Taft,postal revenue,0.1106344940959013
2415,1850_Fillmore,specific duty,0.11063191927861443
2416,1842_Tyler,two country,0.11058928691636484
2417,1834_Jackson,federal government,0.11056229032963279
2418,1998_Clinton,saddam hussein,0.11055235689735304
2419,2016_Obama,clean energy,0.11054671017414244
2420,2016_Obama,get done,0.11054671017414244
2421,1957_Eisenhower,past four,0.11053700925009449
2422,1957_Eisenhower,recent month,0.11053700925009449
2423,1975_Ford,revenue sharing,0.11053368626535802
2424,1975_Ford,spending program,0.11053368626535802
2425,1975_Ford,energy independence,0.11053368626535802
2426,1844_Tyler,last four year,0.11050867017743334
2427,1985_Reagan,federal government,0.11050797774692796
2428,1975_Ford,last congress,0.11047390463721705
2429,1823_Monroe,citizen united state,0.11045949711331167
2430,1823_Monroe,citizen united,0.11045949711331167
2431,1830_Jackson,part great britain,0.11042427574049332
2432,1830_Jackson,new home,0.11042427574049332
2433,2017_Trump,know america,0.11040488236892772
2434,1980_Carter,dependence foreign,0.11039986112026458
2435,1827_Adams,treaty ghent,0.11039228537302984
2436,1827_Adams,friendly disposition,0.11039228537302984
2437,1937_Roosevelt,western hemisphere,0.11037704330297855
2438,1937_Roosevelt,long run,0.11037704330297855
2439,1979_Carter,world people,0.11036676521776156
2440,1923_Coolidge,private ownership,0.11030904958010748
2441,1923_Coolidge,need legislation,0.11030904958010748
2442,1871_Grant,congress approved,0.11030339554815591
2443,1877_Hayes,civil service,0.11027559463454144
2444,1994_Clinton,working people,0.11026815878803593
2445,1882_Arthur,secretary state,0.11025029185633192
2446,2012_Obama,middle class,0.11024673060696336
2447,2010_Obama,across country,0.1102466423395448
2448,1849_Taylor,act congress,0.1102270773589761
2449,1928_Coolidge,private enterprise,0.11021216450706374
2450,1836_Jackson,post master general,0.11020995604695372
2451,1836_Jackson,master general,0.11020995604695372
2452,1836_Jackson,post master,0.11020995604695372
2453,1959_Eisenhower,collective security,0.11018958747550456
2454,1871_Grant,report secretary,0.1101547634281108
2455,1978_Carter,less year,0.11012046882342284
2456,1978_Carter,security united,0.11012046882342284
2457,1984_Reagan,secure peace,0.11001519391229136
2458,1801_Jefferson,within limit,0.1099990959401889
2459,1881_Arthur,rule regulation,0.10999348655269993
2460,1885_Cleveland,contained report,0.10998077822797377
2461,1889_Harrison,march last,0.10997321030738537
2462,1958_Eisenhower,military power,0.10996334433875062
2463,1892_Harrison,value export,0.10993507776610008
2464,1993_Clinton,lower interest,0.10992029095982511
2465,1917_Wilson,nation must,0.10982129048198791
2466,2016_Obama,new job,0.10980594148898969
2467,1828_Adams,west point,0.1097465360156622
2468,1916_Wilson,recommendation congress,0.10973613954639075
2469,1916_Wilson,porto rico,0.10973613954639075
2470,1862_Lincoln,national authority,0.10973419980936441
2471,1998_Clinton,make sure,0.10972444298089129
2472,1859_Buchanan,last annual,0.10972004210055208
2473,1867_Johnson,government one,0.10969356061461524
2474,1886_Cleveland,public land,0.10963819577852932
2475,1985_Reagan,best way,0.1095996323592944
2476,1843_Tyler,last congress,0.10956960926009032
2477,1821_Monroe,custom house,0.1095070444643852
2478,1809_Madison,remove cause,0.10949573313616937
2479,1809_Madison,maritime frontier,0.10949573313616937
2480,1856_Pierce,citizen united state,0.1094498491214876
2481,1856_Pierce,citizen united,0.1094498491214876
2482,1826_Adams,navigation commerce,0.10939474645837942
2483,1978_Carter,new job,0.10938255636297757
2484,1988_Reagan,nuclear arm,0.10937572703058586
2485,1988_Reagan,social problem,0.10937572703058586
2486,1988_Reagan,freedom must,0.10937572703058586
2487,1851_Fillmore,last annual message,0.1093237175958028
2488,1925_Coolidge,flood control,0.10928956091552153
2489,1921_Harding,chief executive,0.10924199056984495
2490,1971_Nixon,time come,0.10917532401122483
2491,2011_Obama,health care,0.10916566984199434
2492,1884_Arthur,may justly,0.10912695932120742
2493,1884_Arthur,provide mean,0.10912695932120742
2494,1907_Roosevelt,per cent,0.10906925035792737
2495,1869_Grant,increase expenditure,0.10905269108521828
2496,1817_Monroe,regular force,0.10897759494862128
2497,1817_Monroe,great part,0.10897759494862128
2498,1838_Buren,common law,0.10892187621681221
2499,1997_Clinton,one america,0.10890233109252986
2500,1874_Grant,congress propriety,0.1088685464000752
2501,1874_Grant,would suggest,0.1088685464000752
2502,1802_Jefferson,deemed expedient,0.10884032415410985
2503,1802_Jefferson,thought necessary,0.10884032415410985
2504,1802_Jefferson,make change,0.10884032415410985
2505,1802_Jefferson,year estimate,0.10884032415410985
2506,1827_Adams,convention concluded,0.10876949239459359
2507,1897_McKinley,authority given,0.10873456430984688
2508,1792_Washington,prosecution war,0.10869813577617879
2509,1903_Roosevelt,civil service,0.10863977780454435
2510,1910_Taft,latin america,0.10863096405116142
2511,1853_Pierce,report secretary,0.1085989421614387
2512,1938_Roosevelt,capital labor,0.10859403643299892
2513,1938_Roosevelt,power nation,0.10859403643299892
2514,1845_Polk,duty imposed,0.10856875881717423
2515,1859_Buchanan,annual message,0.10849146381408077
2516,1853_Pierce,public domain,0.10843183364429426
2517,1910_Taft,estimate submitted,0.10842840615550785
2518,1910_Taft,diplomatic consular service,0.10842840615550785
2519,2006_Bush,america also,0.1084217820872433
2520,2006_Bush,organized crime,0.1084217820872433
2521,1830_Jackson,intercourse two,0.10841659165775319
2522,1909_Taft,fiscal year,0.10840543071471861
2523,2003_Bush,million people,0.10838831079473506
2524,1883_Arthur,remaining three quarter,0.10836908266161037
2525,1883_Arthur,product united state,0.10836908266161037
2526,1883_Arthur,reciprocity treaty,0.10836908266161037
2527,1883_Arthur,product united,0.10836908266161037
2528,1831_Jackson,general government,0.10836854925404546
2529,1979_Carter,nuclear war,0.10836012676525358
2530,1870_Grant,vessel united,0.10831902377144284
2531,1870_Grant,vessel united state,0.10831902377144284
2532,1925_Coolidge,present time,0.10826665566095924
2533,1904_Roosevelt,co operation,0.10824309161388677
2534,1996_Clinton,people welfare,0.10821070899501012
2535,1835_Jackson,government people,0.10820907404387346
2536,1993_Clinton,private sector,0.10820825788826406
2537,1944_Roosevelt,economic security,0.10820696299232377
2538,1966_Johnson,state nation,0.10819398962554526
2539,1954_Eisenhower,foreign economic,0.10813942411078392
2540,1977_Ford,federal program,0.10813004756485338
2541,1865_Johnson,state government,0.10802919985728719
2542,1882_Arthur,diplomatic intercourse,0.10800219529676189
2543,1854_Pierce,international law,0.10797857878005326
2544,1812_Madison,british government,0.1079481242145066
2545,1931_Hoover,postal saving,0.10789711183679206
2546,1939_Roosevelt,business men,0.10781524191608839
2547,1975_Ford,house order,0.1077847441533183
2548,1923_Coolidge,muscle shoal,0.10776409026814447
2549,1923_Coolidge,industry commerce,0.10776409026814447
2550,1923_Coolidge,accordance principle,0.10776409026814447
2551,1891_Harrison,year ending june,0.10775573669888869
2552,1988_Reagan,central america,0.10770823992946692
2553,1971_Nixon,medical care,0.10763489069299982
2554,1867_Johnson,act congress,0.10763099401543233
2555,1950_Truman,must continue,0.1076151838100567
2556,1956_Eisenhower,federal assistance,0.10754556427792576
2557,1858_Buchanan,specific duty,0.10754386494569682
2558,1830_Jackson,state would,0.10752826938596957
2559,1873_Grant,last fiscal year,0.10750689027003191
2560,1873_Grant,last fiscal,0.10750689027003191
2561,1890_Harrison,largely increased,0.10747322415167519
2562,1873_Grant,high sea,0.10744762245703524
2563,1907_Roosevelt,public opinion,0.1074396084379712
2564,1804_Jefferson,military force,0.10743725270092647
2565,1871_Grant,also recommend,0.10743215103035153
2566,1817_Monroe,may made,0.10740240890149455
2567,2009_Obama,must also,0.10737245421192358
2568,1931_Hoover,federal government,0.10737237097335962
2569,1999_Clinton,tax credit,0.10734733164997864
2570,1913_Wilson,people government,0.10733957273750265
2571,1943_Roosevelt,overwhelming majority,0.10732667277152529
2572,1990_Bush,keep america,0.10729244338260618
2573,1969_Johnson,set aside,0.10728662102470701
2574,1905_Roosevelt,cannot afford,0.10727918951430922
2575,1998_Clinton,one america,0.10726295648284412
2576,1998_Clinton,help community,0.10726295648284412
2577,1999_Clinton,tobacco company,0.10720332857979044
2578,1898_McKinley,state note,0.10716598336432201
2579,1898_McKinley,united state note,0.10716598336432201
2580,2000_Clinton,income family,0.1071480331708523
2581,1809_Madison,relation power,0.10713503354466766
2582,1809_Madison,taken part,0.10713503354466766
2583,1848_Polk,public policy,0.10712802841608893
2584,1902_Roosevelt,land law,0.1071105320076543
2585,1860_Buchanan,federal government,0.10709075819695534
2586,1848_Polk,territorial government,0.1070905164289512
2587,1853_Pierce,aid construction,0.1070537859708028
2588,1923_Coolidge,national government,0.10704196779766241
2589,1930_Hoover,public building,0.10702262150769662
2590,1988_Reagan,goal must,0.10701761473957809
2591,1988_Reagan,free market,0.10701761473957809
2592,2009_Obama,across country,0.10699151355652667
2593,1966_Johnson,make possible,0.1069698566326757
2594,2012_Obama,create job,0.106968575307308
2595,1993_Clinton,american company,0.10694695342154724
2596,1993_Clinton,end decade,0.10694695342154724
2597,1870_Grant,fiscal year,0.10694202918612804
2598,1892_Harrison,year ending,0.10689675856210373
2599,1867_Johnson,national bank,0.10689263736030759
2600,1880_Hayes,foreign commerce,0.10689129903354982
2601,1870_Grant,citizen united,0.1068873545592783
2602,1870_Grant,citizen united state,0.1068873545592783
2603,1866_Johnson,year ending 30th,0.10686441744445888
2604,1909_Taft,consular service,0.10683524851502596
2605,1904_Roosevelt,child labor,0.10682911786853377
2606,1821_Monroe,government spain,0.10681474295147537
2607,1879_Hayes,work commission,0.10680480138796598
2608,2001_Bush,hard work,0.10678732767330625
2609,1811_Madison,british government,0.10677821972191047
2610,1929_Hoover,shipping board,0.10665647754679794
2611,1909_Taft,near east,0.1066558675801525
2612,1909_Taft,cent pound,0.1066558675801525
2613,1873_Grant,invite attention,0.10665243935476211
2614,1938_Roosevelt,federal expenditure,0.10661962893098002
2615,1864_Lincoln,public debt,0.10661246076958507
2616,1843_Tyler,paper currency,0.106582567412626
2617,1882_Arthur,agreement reached,0.10656595593538515
2618,1985_Reagan,tell u,0.1065612403084108
2619,1868_Johnson,national bank,0.10652595721978597
2620,1874_Grant,part citizen,0.10652136879184432
2621,1979_Carter,public faith,0.10648304185210945
2622,1853_Pierce,commercial intercourse,0.10646166633061518
2623,1881_Arthur,felt duty,0.10645486455968818
2624,2002_Bush,great goal,0.10630811152832151
2625,1829_Jackson,fostering care,0.10630286356293842
2626,1949_Truman,large enough,0.10629979914130662
2627,1949_Truman,provide adequate,0.10629979914130662
2628,1885_Cleveland,year ended,0.10626158776369608
2629,1845_Polk,per cent,0.10625957107083432
2630,2008_Bush,call congress,0.1062552123038809
2631,2008_Bush,pas legislation,0.1062552123038809
2632,1968_Johnson,developing country,0.10623408523798046
2633,1902_Roosevelt,power congress,0.10622818012581076
2634,1792_Washington,united state citizen,0.1061903421374011
2635,1792_Washington,execution act,0.1061903421374011
2636,1792_Washington,gentleman senate,0.1061903421374011
2637,1792_Washington,last communication,0.1061903421374011
2638,1792_Washington,constitution state,0.1061903421374011
2639,1883_Arthur,remaining three,0.10617243530607892
2640,1883_Arthur,custom internal revenue,0.10617243530607892
2641,1926_Coolidge,merchant marine,0.10614707569228277
2642,1960_Eisenhower,every nation,0.10611528744814824
2643,1841_Tyler,american citizen,0.1061103869981405
2644,1952_Truman,economic aid,0.10607227394003366
2645,1891_Harrison,ending june,0.10605983937368807
2646,1977_Ford,rate percent,0.10605877088696179
2647,1977_Ford,great republic,0.10605877088696179
2648,1792_Washington,provision made,0.10603078826514219
2649,1815_Madison,congress great,0.10601409772140402
2650,1997_Clinton,people welfare,0.10595652931002064
2651,2006_Bush,social security medicare,0.10592036425259709
2652,1842_Tyler,several year,0.1059115710211115
2653,1900_McKinley,fiscal year,0.10588860130066112
2654,1869_Grant,public debt,0.1058863889016372
2655,1907_Roosevelt,inheritance tax,0.10586001298470106
2656,1960_Eisenhower,arm reduction,0.10583723270051465
2657,1867_Johnson,elective franchise,0.10581344181191184
2658,1839_Buren,foreign debt,0.10579291121198074
2659,1930_Hoover,capital gain,0.10577062474160775
2660,1978_Carter,economic growth,0.10574206105151251
2661,1888_Cleveland,pension law,0.10573752298443988
2662,1856_Pierce,statute book,0.10571727053661842
2663,1944_Roosevelt,war war,0.10571050128646375
2664,1803_Jefferson,within limit,0.10558255945256276
2665,1803_Jefferson,last session congress,0.10558255945256276
2666,1978_Carter,tax system,0.10556227657453753
2667,1978_Carter,price increase,0.10556227657453753
2668,1837_Buren,demand made,0.10553254049706962
2669,1980_Carter,union must,0.10552752815598293
2670,2012_Obama,took office,0.10545053285806152
2671,1796_Washington,article treaty,0.10544969625303326
2672,1923_Coolidge,insular possession,0.10544072444750385
2673,1923_Coolidge,must maintained,0.10544072444750385
2674,1841_Tyler,state bank,0.10538394983992888
2675,1875_Grant,year ending june,0.10537304016079582
2676,1875_Grant,real estate,0.105372905445863
2677,1858_Buchanan,people territory,0.1053639447993368
2678,2001_Bush,energy policy,0.10531568290341153
2679,1975_Ford,new direction,0.10529802353189427
2680,1909_Taft,mail matter,0.10526474482852438
2681,1912_Taft,foreign relation,0.10524316376728027
2682,1811_Madison,part united state,0.10523791037237251
2683,1899_McKinley,general act,0.10522605117434437
2684,1874_Grant,good faith,0.10517655923220529
2685,1985_Reagan,tonight ask,0.10514416311560437
2686,1859_Buchanan,american citizen,0.10513793497434767
2687,1813_Madison,public private,0.10501064825258742
2688,1898_McKinley,hawaiian island,0.10499372289871267
2689,1931_Hoover,last winter,0.1049785011772428
2690,1931_Hoover,real estate,0.1049785011772428
2691,1947_Truman,civil right,0.10493952841580048
2692,1902_Roosevelt,labor capital,0.10493939554414035
2693,1853_Pierce,year acre,0.10488379975262381
2694,1853_Pierce,land system,0.10488379975262381
2695,1844_Tyler,last four,0.1048544359284427
2696,1844_Tyler,best calculated,0.1048544359284427
2697,1881_Arthur,across isthmus,0.10483049261833162
2698,1989_Bush,house senate,0.10482674915176689
2699,1804_Jefferson,former occasion,0.10482469201978897
2700,1804_Jefferson,funded debt,0.10482469201978897
2701,1863_Lincoln,foreign country,0.10482284311178945
2702,1866_Johnson,ending 30th,0.10480129434417325
2703,1865_Johnson,fiscal year,0.10476614934941371
2704,1969_Johnson,congress executive,0.10471825862255518
2705,2002_Bush,ask congress,0.1046873917440478
2706,1844_Tyler,part government,0.10468633882062733
2707,1937_Roosevelt,american republic,0.10465145602536656
2708,1846_Polk,secretary state,0.10463591105190978
2709,1823_Monroe,first quarter,0.10452665959822512
2710,1975_Ford,next year,0.10451487313396374
2711,1803_Jefferson,bearing date,0.10450373621139367
2712,1879_Hayes,annual message december,0.10450211758663978
2713,1811_Madison,part united,0.10448722808657523
2714,1840_Buren,power conferred,0.10445153937289833
2715,1888_Cleveland,30th day,0.1044234323699838
2716,1897_McKinley,act approved,0.10440916057135248
2717,1874_Grant,labor capital,0.10436217469960636
2718,1912_Taft,self government,0.10435939811045584
2719,1800_Adams,protection afforded,0.10435678175950663
2720,1827_Adams,mean time,0.1043477701900228
2721,1888_Cleveland,year ending,0.10432325591680991
2722,1860_Buchanan,high power,0.10429459857547788
2723,1982_Reagan,grant aid,0.10420668066224677
2724,1982_Reagan,task force,0.10420668066224677
2725,1858_Buchanan,british government,0.10417381323708773
2726,1810_Madison,estimated million,0.10414150715198348
2727,1876_Grant,per cent per,0.10413878248212875
2728,1977_Ford,foreign oil,0.10413045843286749
2729,1929_Hoover,national policy,0.104110195322016
2730,2003_Bush,war terror,0.10410156387238648
2731,1865_Johnson,people united state,0.10407451452572866
2732,1833_Jackson,session congress,0.10401861955454315
2733,1962_Kennedy,bond issue,0.10401421411667736
2734,1962_Kennedy,mass transit,0.10401421411667736
2735,1884_Arthur,consular service,0.10400463938473095
2736,1837_Buren,state bank,0.10398118692977565
2737,1995_Clinton,cut deficit,0.10397604614507991
2738,1875_Grant,year ending,0.10396351523332227
2739,1947_Truman,national security,0.10394811945423281
2740,1899_McKinley,officer men,0.10392924852908597
2741,1848_Polk,passed congress,0.10390621026366506
2742,1882_Arthur,twenty five,0.10387189068696318
2743,1878_Hayes,year ending june,0.10387104648832697
2744,1878_Hayes,detailed statement,0.10387091369362894
2745,1878_Hayes,indian service,0.10387091369362894
2746,1950_Truman,urge congress,0.10386118376919871
2747,1877_Hayes,public debt,0.10378367920973547
2748,1968_Johnson,better america,0.10378314013870342
2749,1968_Johnson,almost billion,0.10378314013870342
2750,1968_Johnson,new budget,0.10378314013870342
2751,1894_Cleveland,department agriculture,0.10374573419757789
2752,1856_Pierce,act congress,0.1037294700682602
2753,1875_Grant,ending june,0.10371464254381962
2754,1950_Truman,middle income,0.10370014794274361
2755,1904_Roosevelt,philippine island,0.10365258431538257
2756,1919_Wilson,war must,0.10362269201495274
2757,1906_Roosevelt,people whole,0.10358979551140199
2758,1980_Carter,united state america,0.10356456152361845
2759,1981_Carter,signed law,0.10350354984619808
2760,1831_Jackson,britannic majesty,0.10348413428846756
2761,1925_Coolidge,federal government,0.10347900663342127
2762,1865_Johnson,people united,0.103444368473032
2763,1944_Roosevelt,large small,0.10343141031134737
2764,1944_Roosevelt,political right,0.10343141031134737
2765,1944_Roosevelt,people home,0.10343141031134737
2766,1812_Madison,naval force,0.10342896502846578
2767,1981_Carter,last four year,0.10341348979414632
2768,1953_Truman,atomic energy,0.10340392928751493
2769,1842_Tyler,1st january,0.10336547157826469
2770,1919_Wilson,government must,0.10335734687279033
2771,1997_Clinton,must expand,0.10332141982161873
2772,1881_Arthur,ordinary expenditure,0.10328945932264261
2773,1896_Cleveland,last fiscal year,0.10326381837225025
2774,1952_Truman,european ally,0.10320302504046817
2775,1952_Truman,price support,0.10320302504046817
2776,1952_Truman,defense effort,0.10320302504046817
2777,1895_Cleveland,note issued,0.10316282670422404
2778,1886_Cleveland,previous year,0.10314527360094551
2779,1849_Taylor,envoy extraordinary minister,0.10313818149777636
2780,1849_Taylor,extraordinary minister plenipotentiary,0.10313818149777636
2781,1849_Taylor,extraordinary minister,0.10313818149777636
2782,1852_Fillmore,making aggregate,0.1031358620449799
2783,1852_Fillmore,set apart,0.1031358620449799
2784,1868_Johnson,island st,0.10309513451092367
2785,1996_Clinton,willing work,0.10308507901206775
2786,1926_Coolidge,agricultural product,0.1030599055786322
2787,1874_Grant,call attention,0.10298299204588876
2788,1906_Roosevelt,public school,0.10296438222614195
2789,1825_Adams,public service,0.10293742460438833
2790,1857_Buchanan,state bank,0.1029332764963949
2791,2010_Obama,million american,0.10292834271480554
2792,1930_Hoover,current fiscal year,0.10285387729372121
2793,1930_Hoover,current fiscal,0.10285387729372121
2794,2005_Bush,al qaida,0.10284866113535088
2795,1855_Pierce,fiscal year,0.10283863685380289
2796,1897_McKinley,central government,0.1027516553205663
2797,1875_Grant,citizen united state,0.1026879249781744
2798,1875_Grant,citizen united,0.1026879249781744
2799,1884_Arthur,policy government,0.10267772189276451
2800,1864_Lincoln,bank issue,0.10266112237530675
2801,1807_Jefferson,within limit,0.10266016873764085
2802,1825_Adams,close last,0.1026491835803022
2803,1956_Eisenhower,meet need,0.10264283245864654
2804,1891_Harrison,upon island,0.10262437994074296
2805,2012_Obama,go back,0.10262006439478362
2806,1878_Hayes,expenditure period,0.10258002102897042
2807,1824_Monroe,great purpose,0.1025772015725109
2808,1891_Harrison,last congress,0.10256887602399956
2809,1865_Johnson,constitution law,0.10255210807537185
2810,1985_Reagan,private sector,0.1024860418287657
2811,1905_Roosevelt,republic south,0.1024858041018699
2812,1841_Tyler,specie payment,0.10246242767245782
2813,1931_Hoover,national credit,0.10236771497716857
2814,1835_Jackson,people united state,0.10226059336915647
2815,1878_Hayes,ending june,0.10223628777104785
2816,1870_Grant,dominion canada,0.10223410165380224
2817,1952_Truman,soviet union,0.10217273202667565
2818,1996_Clinton,fellow american,0.1021609431084674
2819,1791_Washington,provision made law,0.10212551906290575
2820,1800_Adams,navy united state,0.10210687662609168
2821,1800_Adams,cause may,0.10210687662609168
2822,1800_Adams,minister plenipotentiary united,0.10210687662609168
2823,1800_Adams,officer soldier,0.10210687662609168
2824,1800_Adams,year together,0.10210687662609168
2825,1800_Adams,revenue present,0.10210687662609168
2826,1800_Adams,navy united,0.10210687662609168
2827,1810_Madison,within limit,0.10208595219365245
2828,1839_Buren,paper currency,0.10207013832483804
2829,1853_Pierce,last congress,0.10203629457209827
2830,1861_Lincoln,gratifying know,0.10198604138188215
2831,1861_Lincoln,patriotism people,0.10198604138188215
2832,1995_Clinton,right thing,0.10198434111683126
2833,1954_Eisenhower,armed force,0.101983948759336
2834,1869_Grant,year ending,0.10195522644983909
2835,1886_Cleveland,fiscal year ended,0.10195083398248336
2836,1993_Clinton,people say,0.10188118390452927
2837,1993_Clinton,family income,0.10188118390452927
2838,1907_Roosevelt,engaged interstate,0.10187169283104246
2839,1907_Roosevelt,ocean mail,0.10187169283104246
2840,1837_Buren,price public land,0.10179960674612361
2841,1864_Lincoln,1st day,0.10179538344930386
2842,1794_Washington,body men,0.1017892151357179
2843,1794_Washington,must ultimately,0.1017892151357179
2844,1794_Washington,gentleman senate,0.1017892151357179
2845,1831_Jackson,public debt,0.1017345238970678
2846,1835_Jackson,people united,0.10164143017102248
2847,1928_Coolidge,philippine island,0.10163355185320642
2848,1928_Coolidge,department interior,0.10163355185320642
2849,1928_Coolidge,government continue,0.10163355185320642
2850,1844_Tyler,transportation mail,0.10161530992342668
2851,1929_Hoover,construction new,0.1016044670363216
2852,1943_Roosevelt,full employment,0.10156638541513355
2853,1894_Cleveland,total amount,0.10151043927224258
2854,1854_Pierce,life property,0.10148668669731238
2855,1938_Roosevelt,treaty obligation,0.1014020312030491
2856,1938_Roosevelt,high price,0.1014020312030491
2857,2010_Obama,tax credit,0.10136524185199874
2858,1897_McKinley,upon government,0.10135449734560512
2859,1854_Pierce,present organization,0.10133697567057705
2860,1971_Nixon,welfare system,0.10133443948229026
2861,1913_Wilson,peace world,0.10128189941528151
2862,1852_Fillmore,former message,0.10126069259334586
2863,1985_Reagan,create new,0.10123572519606631
2864,1891_Harrison,naval officer,0.10121581039342656
2865,1902_Roosevelt,one hundred,0.10112588914796926
2866,1829_Jackson,influence upon,0.10110076724202938
2867,1829_Jackson,january 1st,0.10110076724202938
2868,1867_Johnson,precious metal,0.10106601319055622
2869,1864_Lincoln,annual message,0.1010636508732574
2870,1810_Madison,minister paris,0.1010428566445919
2871,1928_Coolidge,world war,0.10100402876267806
2872,1862_Lincoln,act congress,0.10097899274150528
2873,1852_Fillmore,foreign power,0.10097197285007789
2874,1801_Jefferson,public utility,0.10091247583154898
2875,1801_Jefferson,policy pursued,0.10091247583154898
2876,1801_Jefferson,appropriation object,0.10091247583154898
2877,1801_Jefferson,money treasury,0.10091247583154898
2878,1879_Hayes,year ending june,0.10090397516153661
2879,1830_Jackson,federal government,0.10087423737204425
2880,1850_Fillmore,revenue department,0.10087359060727505
2881,1996_Clinton,american working,0.10086259145987175
2882,1898_McKinley,government united state,0.10083934272157798
2883,1862_Lincoln,per cent per,0.10082495860221051
2884,1863_Lincoln,state government,0.10081982234469353
2885,1823_Monroe,minister united state,0.10074511104366969
2886,1823_Monroe,minister united,0.10074511104366969
2887,1839_Buren,general government,0.10071581887833655
2888,1924_Coolidge,would provide,0.10071045836128616
2889,1924_Coolidge,limitation armament,0.10071045836128616
2890,1861_Lincoln,year ending,0.10062195136337879
2891,1875_Grant,report commissioner,0.10056921967892365
2892,1828_Adams,consideration congress,0.10040705159727491
2893,1799_Adams,certain condition,0.10039815284660422
2894,1799_Adams,service ensuing year,0.10039815284660422
2895,1799_Adams,office government,0.10039815284660422
2896,1799_Adams,civil authority,0.10039815284660422
2897,1875_Grant,national existence,0.10038169405320896
2898,1875_Grant,south american state,0.10038169405320896
2899,1930_Hoover,price level,0.10035020383941237
2900,1863_Lincoln,navy department,0.10022551246739574
2901,1863_Lincoln,military service,0.10022551246739574
2902,1870_Grant,distant day,0.10016181070580005
2903,1825_Adams,protection commerce,0.10015963636971296
2904,1958_Eisenhower,economic assistance,0.10013580476093531
2905,1995_Clinton,welfare reform,0.10013010809627527
2906,1901_Roosevelt,great industrial,0.10009863455218174
2907,1953_Truman,way life,0.10007730123154074
2908,1891_Harrison,silver bullion,0.1000721400827162
2909,1981_Carter,new administration,0.1000663953118085
2910,1981_Carter,energy conservation,0.1000663953118085
2911,1830_Jackson,general good,0.1000450786984706
2912,1985_Reagan,hard work,0.10003260174402535
2913,1931_Hoover,life must,0.10000597158016533
2914,1960_Eisenhower,management labor,0.09991041925794603
2915,1867_Johnson,year ending june,0.09988808834566884
2916,1950_Truman,world peace,0.09988781265187612
2917,1943_Roosevelt,win war,0.09988454997459367
2918,1804_Jefferson,pursuance act,0.09985944792001965
2919,1804_Jefferson,early part,0.09985944792001965
2920,1960_Eisenhower,recent year,0.09985638317416659
2921,1849_Taylor,envoy extraordinary,0.09982010286598023
2922,1841_Tyler,1st january,0.09979528689883554
2923,1858_Buchanan,accomplish object,0.09970899823876293
2924,1838_Buren,citizen united state,0.09964458666286256
2925,1838_Buren,citizen united,0.09964458666286256
2926,1904_Roosevelt,indian bureau,0.0996403248569794
2927,1884_Arthur,transmitted congress,0.09963484726431392
2928,1998_Clinton,one nation,0.09960392136711087
2929,1794_Washington,appointment commissioner,0.0995946660724102
2930,1794_Washington,defend right,0.0995946660724102
2931,1794_Washington,gentleman house representative,0.0995946660724102
2932,1794_Washington,gentleman house,0.0995946660724102
2933,1794_Washington,course event,0.0995946660724102
2934,1794_Washington,execute law,0.0995946660724102
2935,1794_Washington,far advanced,0.0995946660724102
2936,1912_Taft,regular army,0.09958841123004948
2937,1912_Taft,porto rico,0.09958841123004948
2938,1971_Nixon,achieve goal,0.09957905811450916
2939,1961_Eisenhower,ballistic missile,0.09957902345144637
2940,1823_Monroe,public affair,0.09957748948016905
2941,1980_Carter,help nation,0.09956427455090432
2942,1862_Lincoln,rocky mountain,0.09956074011046205
2943,1829_Jackson,chief magistrate,0.09955809232306882
2944,1852_Fillmore,british province,0.09950658871735774
2945,1879_Hayes,attention congress,0.09949707815367491
2946,1861_Lincoln,respectfully recommend,0.09944967682671987
2947,1998_Clinton,weapon mass destruction,0.09941819567750486
2948,1998_Clinton,every community,0.09941819567750486
2949,1827_Adams,commercial intercourse,0.09939180302745505
2950,1879_Hayes,ending june,0.09931591324649683
2951,1827_Adams,vessel united,0.09927492529299049
2952,1827_Adams,vessel united state,0.09927492529299049
2953,1890_Harrison,work done,0.09927159016817229
2954,1890_Harrison,san francisco,0.09927159016817229
2955,1819_Monroe,reduction price,0.09923203952083098
2956,1935_Roosevelt,public work,0.09918275293130517
2957,1803_Jefferson,first installment,0.09914823947019952
2958,1806_Jefferson,state would,0.09911792542463768
2959,1962_Kennedy,congress new,0.09908736002358372
2960,1962_Kennedy,employment opportunity,0.09908736002358372
2961,1962_Kennedy,outer space,0.09908736002358372
2962,1868_Johnson,three million,0.09907058951502151
2963,1842_Tyler,interest country,0.09903173565124408
2964,1832_Jackson,new state,0.09898802351583229
2965,1868_Johnson,hundred million,0.09896592578818256
2966,1816_Madison,every part,0.09895075478248595
2967,1960_Eisenhower,soviet union,0.09891299687690458
2968,1982_Reagan,food stamp,0.09886640710907521
2969,1999_Clinton,first lady,0.09881277647952481
2970,1837_Buren,price public,0.09877063768544173
2971,1801_Jefferson,general state,0.09873682904011916
2972,1801_Jefferson,spirit conciliation,0.09873682904011916
2973,1801_Jefferson,success attended,0.09873682904011916
2974,1801_Jefferson,liberty property,0.09873682904011916
2975,1961_Eisenhower,united nation,0.09872040187569273
2976,1843_Tyler,claim upon,0.09866605868833964
2977,1843_Tyler,government mexico,0.09866605868833964
2978,1866_Johnson,united state state,0.0986645761006378
2979,1879_Hayes,service commission,0.09859680889300915
2980,1879_Hayes,civil service commission,0.09859680889300915
2981,1929_Hoover,public building,0.09859495228422749
2982,1953_Truman,economic social,0.09855024316087779
2983,1966_Johnson,river basin,0.09852457913679853
2984,1966_Johnson,education program,0.09852457913679853
2985,1925_Coolidge,war navy,0.09845636282858877
2986,1823_Monroe,30th september,0.0984508456560373
2987,1855_Pierce,central american,0.09844207994002753
2988,1898_McKinley,government united,0.09842651738051611
2989,1939_Roosevelt,point view,0.09840397202402854
2990,1924_Coolidge,muscle shoal,0.09838694982056131
2991,1950_Truman,support united,0.09838583264165904
2992,1950_Truman,economic security,0.09838583264165904
2993,1952_Truman,urgently needed,0.09831459464027398
2994,1812_Madison,amount million,0.09830638764683693
2995,1839_Buren,post office,0.09830388904163379
2996,1848_Polk,adoption constitution,0.0983022695874854
2997,1943_Roosevelt,three time,0.09829887334287551
2998,1845_Polk,two country,0.09829160603648822
2999,1799_Adams,upon certain,0.09823359472525936
3000,1799_Adams,given minister,0.09823359472525936
3001,1875_Grant,complete work,0.09821749077917852
3002,1958_Eisenhower,united nation,0.09821517947498802
3003,1887_Cleveland,reduction duty,0.09816159995390498
3004,1904_Roosevelt,enlisted men,0.09815573818661423
3005,1807_Jefferson,new york,0.09815041361856292
3006,1827_Adams,charge affaire,0.09812434297404536
3007,1876_Grant,per annum,0.09808551464634951
3008,1912_Taft,two government,0.09806329909178899
3009,1858_Buchanan,coast africa,0.09805791922976541
3010,1823_Monroe,naval force,0.09805562641814128
3011,1930_Hoover,estimated surplus,0.09803500679356134
3012,1833_Jackson,national debt,0.09797911848951091
3013,1893_Cleveland,postmaster general,0.09797351061551926
3014,1971_Nixon,people people,0.09793013078104115
3015,1961_Eisenhower,atomic energy,0.0978540505470563
3016,1855_Pierce,two government,0.0977711600302149
3017,1854_Pierce,naval power,0.09777100379997082
3018,1824_Monroe,event war,0.09776232129076254
3019,1824_Monroe,amount public,0.09776232129076254
3020,1804_Jefferson,million principal,0.09770650413709422
3021,1804_Jefferson,existing two,0.09770650413709422
3022,1804_Jefferson,friendly office,0.09770650413709422
3023,1929_Hoover,department justice,0.09759286287764216
3024,1935_Roosevelt,one half,0.0974955512525436
3025,1825_Adams,early period,0.09747118440693864
3026,1834_Jackson,state bank,0.09746977645102839
3027,1898_McKinley,bearing debt,0.09743494743713148
3028,1846_Polk,territory mexico,0.09743322129891265
3029,1960_Eisenhower,developing country,0.09742567484916585
3030,1815_Madison,1st january,0.09740688894237604
3031,1815_Madison,public credit,0.09740688894237604
3032,1880_Hayes,friendly relation,0.0973800479891627
3033,1891_Harrison,state court,0.0973450360345926
3034,1925_Coolidge,national defense,0.0973047841903988
3035,1827_Adams,present year,0.09729963695145627
3036,1834_Jackson,public money,0.09727311986734681
3037,1830_Jackson,present tariff,0.09727156417744602
3038,1939_Roosevelt,eight year,0.09726348393007463
3039,1939_Roosevelt,many people,0.09726348393007463
3040,1866_Johnson,enforcement law,0.09715907449968601
3041,1861_Lincoln,effect object,0.09715525599655876
3042,1861_Lincoln,circuit judge,0.09715525599655876
3043,1886_Cleveland,foreign country,0.0970729740428618
3044,1905_Roosevelt,call attention,0.09704354734101354
3045,1889_Harrison,international conference,0.09697667705913829
3046,1962_Kennedy,state free,0.09695106225534321
3047,1819_Monroe,public ship,0.0969426398388926
3048,1819_Monroe,treaty would,0.0969426398388926
3049,1971_Nixon,people government,0.09691979393077557
3050,1791_Washington,regard public,0.09689189867417822
3051,1803_Jefferson,worthy attention,0.09686077315383732
3052,1803_Jefferson,certain condition,0.09686077315383732
3053,1803_Jefferson,secure peace,0.09686077315383732
3054,1890_Harrison,fiscal year,0.09684482707634587
3055,1912_Taft,relation united,0.0968423962399054
3056,1912_Taft,relation united state,0.0968423962399054
3057,1994_Clinton,private sector,0.09682662216088132
3058,1943_Roosevelt,want work,0.09679895192185296
3059,1829_Jackson,circuit court,0.09670245747276132
3060,1851_Fillmore,secretary interior,0.09669101353435022
3061,1816_Madison,state great britain,0.09669012230482804
3062,1857_Buchanan,brief period,0.09666599411706918
3063,1857_Buchanan,present moment,0.09666599411706918
3064,1947_Truman,federal government,0.096651532079252
3065,1848_Polk,west coast,0.09651498232094416
3066,1850_Fillmore,may necessary,0.09651022532703285
3067,1835_Jackson,congress might,0.09641367631874585
3068,1807_Jefferson,national right,0.09640394253393565
3069,1850_Fillmore,government united state,0.09638950368334133
3070,1797_Adams,national defense,0.09633708882345587
3071,1842_Tyler,state mexico,0.09628080041887979
3072,1856_Pierce,tonnage duty,0.09626711449132688
3073,1924_Coolidge,tax burden,0.09626575271453658
3074,1838_Buren,military operation,0.09624639787355593
3075,1865_Johnson,last four year,0.09624427917475151
3076,1852_Fillmore,fiscal year,0.09622966434042783
3077,1875_Grant,contending party,0.0962266167578425
3078,1831_Jackson,state shall,0.09618715078825574
3079,1841_Tyler,january last,0.09618490917917727
3080,2001_Bush,u put,0.09611659212270247
3081,2001_Bush,younger worker,0.09611659212270247
3082,2001_Bush,energy source,0.09611659212270247
3083,1950_Truman,full benefit,0.09611595594614104
3084,1834_Jackson,made known,0.09608653602040523
3085,1966_Johnson,federal system,0.09607430018735742
3086,1828_Adams,duty upon,0.09606185606614026
3087,1853_Pierce,refer report secretary,0.09606148296006814
3088,1853_Pierce,fiscal year,0.0959859961618308
3089,1840_Buren,upon people,0.09597119358873679
3090,1901_Roosevelt,ask attention,0.09595527387623527
3091,1851_Fillmore,department state,0.09592252581411877
3092,1947_Truman,long range,0.09585708288959298
3093,1947_Truman,good service,0.09585708288959298
3094,1836_Jackson,support government,0.09579174202227483
3095,1804_Jefferson,public agent,0.09572598784352038
3096,1804_Jefferson,thought necessary,0.09572598784352038
3097,1863_Lincoln,set forth,0.09572510994399416
3098,1994_Clinton,people welfare,0.09569798509184421
3099,1845_Polk,tariff act,0.09566003024155281
3100,1808_Jefferson,within limit,0.0956393369415029
3101,1813_Madison,british government,0.09556155176508258
3102,1873_Grant,per cent,0.09555603616557516
3103,1886_Cleveland,secretary interior,0.09551919359751737
3104,1806_Jefferson,foreign nation,0.09549062958819592
3105,1889_Harrison,attention congress,0.09544049221882024
3106,1958_Eisenhower,new weapon,0.09539265976155839
3107,1885_Cleveland,coinage silver,0.09530917121570685
3108,1947_Truman,world war,0.09526333952463759
3109,1996_Clinton,welfare reform,0.09516294869697481
3110,1962_Kennedy,economic growth,0.09514763045413371
3111,1912_Taft,postal saving,0.09513866063257266
3112,1851_Fillmore,annual message,0.09511511288956945
3113,1851_Fillmore,new orleans,0.09508871429971101
3114,1861_Lincoln,congress enacted,0.0950606138897463
3115,2008_Bush,ask congress,0.09505859326415131
3116,1825_Adams,law relating,0.09500704162955406
3117,1842_Tyler,two government,0.09499701583028193
3118,1962_Kennedy,must begin,0.09498585881088693
3119,1848_Polk,within limit,0.09496983016368861
3120,1824_Monroe,deep interest,0.09495819472293987
3121,1876_Grant,cent per,0.0949367203636299
3122,1899_McKinley,united state minister,0.09489826656228337
3123,1855_Pierce,balance power,0.09485523432228098
3124,1855_Pierce,nicaragua costa,0.09485523432228098
3125,1819_Monroe,ratified government,0.09485258168126405
3126,1836_Jackson,weight measure,0.09484732503804183
3127,1848_Polk,american system,0.09484308673891435
3128,1844_Tyler,upon term,0.09481195079789718
3129,1909_Taft,two three,0.09476360254060305
3130,1895_Cleveland,national bank,0.0947519129678936
3131,1849_Taylor,department state,0.09471874015217932
3132,1900_McKinley,supervision control,0.0947087795083171
3133,1835_Jackson,performance duty,0.09470654077285667
3134,1791_Washington,western frontier,0.0946564887896469
3135,1791_Washington,service ensuing year,0.0946564887896469
3136,1827_Adams,treasury january 1st,0.09465551203110635
3137,1827_Adams,treasury january,0.09465551203110635
3138,1890_Harrison,carrying mail,0.09462142376843646
3139,1890_Harrison,since march,0.09462142376843646
3140,1849_Taylor,post office,0.0946024027372266
3141,1844_Tyler,time time,0.0944083536775274
3142,1875_Grant,earnest consideration,0.09438335531875554
3143,1876_Grant,fiscal year,0.09437648281410961
3144,1843_Tyler,time time,0.0943752497567925
3145,1924_Coolidge,various department,0.09431444053273161
3146,2008_Bush,men woman,0.09431246541449632
3147,1823_Monroe,french government,0.09430236677122314
3148,1901_Roosevelt,self government,0.09423276619766768
3149,1969_Johnson,civil right,0.09420329804153643
3150,1969_Johnson,executive branch,0.09420329804153643
3151,1807_Jefferson,state circumstance,0.0941797903705765
3152,1807_Jefferson,could obtained,0.0941797903705765
3153,1807_Jefferson,former period,0.0941797903705765
3154,1806_Jefferson,taken place,0.09412657566825425
3155,1806_Jefferson,good faith,0.09412657566825425
3156,1829_Jackson,bank united state,0.09410680196700352
3157,1829_Jackson,bank united,0.09410680196700352
3158,1829_Jackson,sovereign state,0.09410680196700352
3159,1869_Grant,recommendation secretary,0.09410051282026664
3160,1850_Fillmore,government united,0.09408315151143476
3161,1845_Polk,made law,0.09407599800051386
3162,1831_Jackson,two country,0.09403920435963105
3163,1848_Polk,check upon,0.09399944584527757
3164,1920_Wilson,call attention,0.0939785800574451
3165,1853_Pierce,federal government,0.09397759211388139
3166,1946_Truman,estimated million,0.09393816259841904
3167,1892_Harrison,indian land,0.09391233842257868
3168,2008_Bush,left behind,0.09389005950633798
3169,1815_Madison,late war,0.09388291829699592
3170,1966_Johnson,people working,0.0938577532600395
3171,1885_Cleveland,year ended june,0.09374356587985076
3172,1885_Cleveland,ended june,0.09374356587985076
3173,1837_Buren,individual corporation,0.09370894470271389
3174,1810_Madison,city new york,0.09365300774002822
3175,1810_Madison,maritime frontier,0.09365300774002822
3176,1865_Johnson,four year,0.09359872232778056
3177,1843_Tyler,whatever may,0.09359029929607134
3178,1846_Polk,government mexico,0.09353593729013027
3179,1906_Roosevelt,matter fact,0.09351063616911333
3180,1877_Hayes,public credit,0.09340300554632334
3181,1855_Pierce,southern state,0.09337784287114508
3182,1904_Roosevelt,battle ship,0.09331227010876281
3183,1812_Madison,would unwise,0.09326848605816813
3184,1897_McKinley,indian territory,0.09322554745068341
3185,1897_McKinley,principal interest,0.09322554745068341
3186,1853_Pierce,right state,0.09320512198024958
3187,1871_Grant,vast territory,0.09319869370776329
3188,1871_Grant,staff corp,0.09319869370776329
3189,1854_Pierce,across isthmus,0.09318172205796063
3190,1861_Lincoln,late session,0.09313372993919977
3191,1960_Eisenhower,educational system,0.09312593821618341
3192,1960_Eisenhower,balance payment,0.09312593821618341
3193,1960_Eisenhower,peace justice,0.09312593821618341
3194,1831_Jackson,lawful commerce,0.09294362070989295
3195,1889_Harrison,civil service,0.09292872941805096
3196,1849_Taylor,state minister,0.09291473159888715
3197,1828_Adams,treaty commerce,0.09290938810434478
3198,1829_Jackson,particular attention,0.09289246825090029
3199,1873_Grant,previous year,0.09287203707027507
3200,1835_Jackson,meeting congress,0.09284746044569742
3201,1851_Fillmore,set foot,0.09284352915680674
3202,1825_Adams,part united state,0.09284181869708506
3203,1846_Polk,city mexico,0.09281808990330008
3204,1854_Pierce,foreign commerce,0.09275865380537801
3205,1833_Jackson,act congress,0.09274210185062713
3206,1835_Jackson,foreign power,0.09258272894666829
3207,1890_Harrison,confidently believed,0.092581410426915
3208,1816_Madison,taken place,0.09252308218671333
3209,1924_Coolidge,merit system,0.0925078076359258
3210,1924_Coolidge,foreign debt,0.0925078076359258
3211,1924_Coolidge,great difficulty,0.0925078076359258
3212,1924_Coolidge,market product,0.0925078076359258
3213,1999_Clinton,help community,0.09248143651599755
3214,1999_Clinton,one america,0.09248143651599755
3215,1966_Johnson,ask congress,0.09242684535066986
3216,1906_Roosevelt,public opinion,0.09235821394105706
3217,1855_Pierce,former occasion,0.09228940569819497
3218,1889_Harrison,municipal government,0.09218086192411153
3219,1889_Harrison,new ship,0.09218086192411153
3220,1889_Harrison,bank circulation,0.09218086192411153
3221,1842_Tyler,bank issue,0.0921638261601285
3222,1807_Jefferson,taken part,0.09214929853050594
3223,1906_Roosevelt,porto rico,0.09211737852775882
3224,1852_Fillmore,last fiscal year,0.0921157277918842
3225,2007_Bush,child left,0.09209874511137059
3226,2007_Bush,child left behind,0.09209874511137059
3227,1862_Lincoln,several state,0.09204123738447599
3228,1873_Grant,national bank,0.09203655991974688
3229,1951_Truman,near east,0.09200617098973635
3230,1996_Clinton,people make,0.09196596990140697
3231,1905_Roosevelt,porto rico,0.09195359101226505
3232,1862_Lincoln,cent per,0.09191571739505663
3233,1853_Pierce,government thus,0.09188240331033429
3234,1966_Johnson,member house representative,0.09183420445650121
3235,1966_Johnson,balance payment,0.09183420445650121
3236,1851_Fillmore,citizen united,0.09160971332195612
3237,1851_Fillmore,citizen united state,0.09160971332195612
3238,1885_Cleveland,majesty government,0.09155591949484197
3239,1837_Buren,land sold,0.09154696930411153
3240,1904_Roosevelt,various state,0.09152483420921342
3241,2007_Bush,men woman,0.09143525765968241
3242,1840_Buren,public affair,0.09142711109983637
3243,1871_Grant,relation united state,0.09141112363550262
3244,1871_Grant,relation united,0.09141112363550262
3245,1862_Lincoln,fiscal year,0.09137330729200516
3246,1873_Grant,act approved,0.09136769259267652
3247,1824_Monroe,act congress,0.09135628345716162
3248,1835_Jackson,circulating medium,0.09123909607377376
3249,1875_Grant,legislation may,0.09106207611249405
3250,1905_Roosevelt,engaged interstate,0.09105850644986914
3251,1871_Grant,desirable object,0.09088086805138097
3252,1846_Polk,state texas,0.09081695597193312
3253,1901_Roosevelt,right others,0.09080529636724248
3254,1999_Clinton,long term,0.09070982931904749
3255,1907_Roosevelt,united state germany,0.09065017704874405
3256,1816_Madison,united state great,0.09059341650318813
3257,1895_Cleveland,secretary treasury,0.09054360957661113
3258,1880_Hayes,spanish government,0.090389525683978
3259,1870_Grant,carrying trade,0.09033689434830587
3260,1844_Tyler,power europe,0.09032275660067325
3261,1844_Tyler,surplus revenue,0.09032275660067325
3262,1892_Harrison,work done,0.09023860134607305
3263,1886_Cleveland,silver dollar,0.09019957589485388
3264,1838_Buren,suspension specie payment,0.09007949631575324
3265,1838_Buren,suspension specie,0.09007949631575324
3266,1862_Lincoln,treaty stipulation,0.09003823029879125
3267,1999_Clinton,must work,0.08993032869938396
3268,1925_Coolidge,effort made,0.08992541635963351
3269,1917_Wilson,government must,0.08989771105581638
3270,1857_Buchanan,30th june,0.08981194120333057
3271,2007_Bush,america also,0.08980827487142162
3272,1885_Cleveland,service reform,0.08961394263001683
3273,1885_Cleveland,civil service reform,0.08961394263001683
3274,1951_Truman,economic assistance,0.0895174093646695
3275,1906_Roosevelt,per cent,0.08949732421499361
3276,1840_Buren,american flag,0.08939332636704028
3277,1906_Roosevelt,eight hour,0.08938368392031121
3278,1906_Roosevelt,fur seal,0.08938368392031121
3279,1841_Tyler,slave trade,0.08911871771732423
3280,1813_Madison,recommend congress,0.0891003113469259
3281,1854_Pierce,time peace,0.08908459058401037
3282,1838_Buren,policy government,0.08907980811453992
3283,1871_Grant,south carolina,0.08878413970219254
3284,1846_Polk,part mexico,0.08876116134049881
3285,1816_Madison,time greater,0.08874715505845508
3286,2005_Bush,small business,0.08858535645188108
3287,1971_Nixon,meet challenge,0.08855082437885765
3288,1873_Grant,february last,0.08854519427417698
3289,1895_Cleveland,per cent,0.08853770183491377
3290,1844_Tyler,state mexico,0.08831353809656987
3291,1844_Tyler,great extent,0.08831353809656987
3292,1844_Tyler,treasury note,0.08831353809656987
3293,1871_Grant,ensuing year,0.08818920105294636
3294,1876_Grant,congress necessity,0.08809488462272336
3295,1876_Grant,ordnance department,0.08809488462272336
3296,1876_Grant,balance trade,0.08809488462272336
3297,2005_Bush,iraqi people,0.08807149251430037
3298,1907_Roosevelt,commerce commission,0.08801872209112148
3299,1907_Roosevelt,interstate commerce commission,0.08801872209112148
3300,1877_Hayes,section country,0.08797377547696186
3301,1892_Harrison,pacific railway,0.08794806221288007
3302,1884_Arthur,fiscal year,0.08794434955960102
3303,1880_Hayes,annual message,0.08794204633983782
3304,1879_Hayes,appropriation made,0.08789601269293555
3305,1889_Harrison,upon line,0.08781451968201898
3306,1900_McKinley,gold coin,0.08778217832399124
3307,1900_McKinley,subject approval,0.08778217832399124
3308,1837_Buren,regular force,0.08775758581937482
3309,1870_Grant,last fiscal,0.08774582216594548
3310,1870_Grant,last fiscal year,0.08774582216594548
3311,1870_Grant,imperial government,0.08774575205389096
3312,1808_Jefferson,road canal,0.08773892362626819
3313,1808_Jefferson,constitution may,0.08773892362626819
3314,1808_Jefferson,last communication,0.08773892362626819
3315,1844_Tyler,upon subject,0.0877288151851816
3316,1946_Truman,full employment,0.08758200964236161
3317,1869_Grant,captain general,0.08757399752623603
3318,1906_Roosevelt,rio de janeiro,0.08757187165717423
3319,1899_McKinley,american interest,0.08757058676538029
3320,1884_Arthur,river harbor,0.08754919756002275
3321,1947_Truman,people world,0.08748964928645145
3322,1889_Harrison,general government,0.08733852084751267
3323,1843_Tyler,system government,0.08732799706406558
3324,1844_Tyler,annexation texas,0.08712972250279563
3325,1854_Pierce,state great britain,0.08704936084598802
3326,1832_Jackson,beg leave,0.08688082572050505
3327,1880_Hayes,pacific ocean,0.08686867367259304
3328,1877_Hayes,proposed legislation,0.08683893592545142
3329,1917_Wilson,among nation,0.08679405486668793
3330,1884_Arthur,action taken,0.0866593738784104
3331,1907_Roosevelt,put effect,0.08664946689050011
3332,1841_Tyler,three quarter year,0.086573621471428
3333,1900_McKinley,state territory,0.0864438955620175
3334,1823_Monroe,last report,0.0863829818110082
3335,1869_Grant,fiscal year,0.08636210482888897
3336,1892_Harrison,bering sea,0.0862633799785729
3337,1892_Harrison,last four year,0.0862633799785729
3338,2005_Bush,health care,0.08621550045723862
3339,1905_Roosevelt,people whole,0.08617134140645362
3340,2005_Bush,weapon mass,0.08603957975785895
3341,1873_Grant,preceding year,0.08600551221602552
3342,1869_Grant,good office,0.08597406217939736
3343,1889_Harrison,completion work,0.08592126142616112
3344,1999_Clinton,public school,0.08587786531998291
3345,1999_Clinton,every community,0.08571773381572557
3346,1840_Buren,commissioner appointed,0.08570374389623714
3347,1840_Buren,slave trade,0.08570374389623714
3348,1905_Roosevelt,increase number,0.08565109033868949
3349,1917_Wilson,co operation,0.08561383948394838
3350,1840_Buren,suspension specie,0.08557086101614889
3351,1840_Buren,suspension specie payment,0.08557086101614889
3352,1904_Roosevelt,torpedo boat,0.08546329429482702
3353,1846_Polk,favored class,0.08540665882514599
3354,1829_Jackson,treasury january,0.08536576785086258
3355,1829_Jackson,treasury january 1st,0.08536576785086258
3356,1951_Truman,bound together,0.08527722720805841
3357,1892_Harrison,annual message,0.08526415513015827
3358,1884_Arthur,annual message,0.08517862584828087
3359,1901_Roosevelt,far reaching,0.08509873242509255
3360,1901_Roosevelt,every effort,0.08509873242509255
3361,1832_Jackson,protection afforded,0.0848763830452206
3362,1832_Jackson,liberal provision,0.0848763830452206
3363,1857_Buchanan,united state state,0.08487021293338537
3364,1880_Hayes,respectfully recommend,0.08475411272450163
3365,1880_Hayes,state colombia,0.08475411272450163
3366,1815_Madison,military service,0.08445595495641867
3367,1841_Tyler,municipal law,0.0844205595235684
3368,1925_Coolidge,year cost,0.08430994958021518
3369,1899_McKinley,secretary treasury,0.08426586741401287
3370,1869_Grant,next fiscal year,0.08425176477572438
3371,1869_Grant,year ending 30th,0.08425176477572438
3372,1884_Arthur,total ordinary,0.0841845127854889
3373,1884_Arthur,silver certificate,0.0841845127854889
3374,1884_Arthur,concur secretary,0.0841845127854889
3375,2007_Bush,help need,0.08410464352492633
3376,1870_Grant,public land,0.08392984756126881
3377,1999_Clinton,million child,0.0838696817190143
3378,1850_Fillmore,two government,0.08382783050663188
3379,1838_Buren,treasury note,0.08364743395133141
3380,1901_Roosevelt,every standpoint,0.08348175022090866
3381,1951_Truman,still need,0.08343867231949388
3382,2003_Bush,tax relief,0.08342131904745867
3383,1947_Truman,labor union,0.08341862284146895
3384,1947_Truman,anti trust law,0.08341862284146895
3385,1884_Arthur,sinking fund,0.08334408475192684
3386,1870_Grant,recommend appropriation,0.08323177499795109
3387,1850_Fillmore,therefore recommend,0.08315253292498231
3388,1900_McKinley,election held,0.08253672749352021
3389,1900_McKinley,civil government,0.08253672749352021
3390,1925_Coolidge,limitation armament,0.08221318452427916
3391,1951_Truman,million men,0.08174736577340092
3392,1850_Fillmore,provision made law,0.08132775046320113
3393,1904_Roosevelt,labor union,0.08118231871041508
3394,1815_Madison,public debt,0.0811744112704183
3395,1900_McKinley,law shall,0.08103608216060784
3396,1813_Madison,applied object,0.0806614351536638
3397,1813_Madison,year increased,0.0806614351536638
3398,1813_Madison,expense incident,0.0806614351536638
3399,2003_Bush,next year,0.07980865645663746
3400,1850_Fillmore,ad valorem duty,0.07912783949822459
3401,1961_Eisenhower,resource development,0.07758690140872454
3402,1961_Eisenhower,social security benefit,0.07758690140872454
3403,1815_Madison,general government,0.07205644037176259
3404,2003_Bush,homeland security,0.06940104258159098
3405,1790_Washington,american work,0.0
3406,1790_Washington,american worker,0.0
3407,1790_Washington,american working,0.0
3408,1790_Washington,amicable relation,0.0
3409,1790_Washington,amity commerce,0.0
3410,1790_Washington,among citizen,0.0
3411,1790_Washington,among indian,0.0
3412,1790_Washington,among nation,0.0
3413,1790_Washington,among people,0.0
3414,1790_Washington,among several,0.0
3415,1790_Washington,among several state,0.0
3416,1790_Washington,among state,0.0
3417,1790_Washington,among thing,0.0
3418,1790_Washington,among u,0.0
3419,1790_Washington,amount appropriated,0.0
